"col_ID","Target","X1","X2","X3","X4","X5","X6","X7","X8","X9","X10","X11","X12","X13","X14","X15","X16","X17","X18","X19","X20","X21","X22","X23","X24"
"A1",-0.734122312520235,-0.0455694634528514,-0.920902177166768,0.0455694634528514,-0.442424812465891,-1.06242959987227,-0.863245593045476,-0.173495107736116,-1.18266351915646,-1.09900735021073,-1.25021041132648,-1.30702452792978,0.512492969005939,0.884201043222308,-0.24420042623268,-0.884201043222308,-0.526722210229838,0.164960227646751,-1.32713873357514,0.461062150374815,-0.191239217561222,0.237623176334521,-0.106141929381516,-0.260156154157463,0.550307984575292
"A2",0.327563901282343,-0.0455694634528514,-1.18506535149349,0.0455694634528514,-1.03170098974604,-1.06242959987227,-1.06837325871965,-1.60361365935532,1.34302467429632,0.751811832525685,-0.953662008037446,0.502701741511453,0.512492969005939,-0.194823958676101,-1.58730277051242,0.194823958676101,-1.45008914572841,-1.2851552618991,-0.18765334733686,-1.8228687033972,-1.45689513014822,-1.35920456863346,-1.61305833524868,-1.95219539300836,-2.15823912700622
"A3",-0.335989982344268,-1.30595413553905,0.267832107303483,1.30595413553905,-0.206714341553831,-0.10851418716035,0.162392735325386,0.899093805978284,-1.18266351915646,-0.0894696141726836,-0.182636159485947,-0.703782438116034,-0.0966967866048944,2.09810417035802,0.48840085246536,-2.09810417035802,-0.75756394410448,0.00383628436387791,-1.04226738701557,0.519624479958713,0.3442305916102,0.237623176334521,0.835680824285459,0.456809625016648,0.550307984575292
"A4",-0.335989982344268,-1.16591139419613,-0.656739002840046,1.16591139419613,0.26470660027029,0.52742942131426,-1.32478284081236,-1.34823534656617,0.92207664205419,-0.0894696141726836,-0.241945840143755,0.502701741511453,0.512492969005939,-1.54360521104911,-1.52625266395425,1.54360521104911,-0.295880476355196,-1.2851552618991,0.951832038901424,-1.8228687033972,-1.26217883590407,-0.959997632391466,-0.294506480114911,-0.89108603983068,-1.61652970468992
"A5",-1.39767619614685,2.05507165669081,0.928240043120289,-2.05507165669081,-1.14955622520207,-0.10851418716035,-0.914527509464019,0.132958867610855,-0.340767454672201,0.415299253846337,0.469770327749936,0.502701741511453,-0.705886542215728,-1.13897083533721,0.6105010655817,1.13897083533721,1.20459079382998,1.29282783062686,1.80644607858014,1.57374641246888,2.19403538692966,-0.161583759907475,-0.671235581581701,0.485488256183612,-2.15823912700622
"A6",-0.203279205618946,0.51460150191879,0.135750520140121,-0.51460150191879,0.0289961293582298,-0.426485991397655,0.0598289024883002,0.439412842957827,-0.761715486914331,-0.425982192852031,-0.12332647882814,-1.30702452792978,-1.9242660534374,0.209810417035802,0.67155117213987,-0.209810417035802,0.0503821244567671,2.42069543360697,-0.18765334733686,0.8709984574621,0.538946885854353,0.237623176334521,-0.294506480114911,0.34209510034879,0.550307984575292
"A7",-0.734122312520235,0.934729725947522,1.58864797893709,-0.934729725947522,0.26470660027029,-0.426485991397655,0.367520400999559,0.899093805978284,2.18492073878058,1.25658070054471,1.80423814255061,0.502701741511453,0.512492969005939,-0.194823958676101,1.03785181148889,0.194823958676101,1.43543252770462,-1.12403131861623,0.382089345782282,1.45662175330108,1.85328187200239,2.6328647937865,1.58913902721904,1.80470528986398,-1.07482028237362
"A8",-0.99954386597088,-2.0061678422536,-2.04359566805534,2.0061678422536,-0.795990518833982,-0.10851418716035,-0.658117927371303,-0.0713437826204591,0.92207664205419,1.76134956856373,-1.01297168869525,0.502701741511453,0.512492969005939,-1.00409271009991,-1.40415245083791,1.00409271009991,-0.988405677979122,-1.44627920518198,1.80644607858014,-1.23724540755822,0.587625959415392,-0.56079069614947,-0.482871030848306,-1.40730140083604,-1.07482028237362
"A9",-0.99954386597088,0.37455876057588,-1.51526931940189,-0.37455876057588,-1.14955622520207,-0.10851418716035,-0.709399843789846,0.33726151784217,-0.340767454672201,-0.425982192852031,-1.3391749323132,-0.100540348302291,-0.705886542215728,0.749322917985007,-0.42735074590719,-0.749322917985007,-0.872984811041801,0.487208114212496,1.80644607858014,-0.00743648629636796,-0.678029953171606,1.43524398506051,0.270587172085274,-0.460906572326214,1.0920174068916
"A10",-0.601411535794913,2.19511439803372,1.78677035968214,-2.19511439803372,-1.2674114606581,-0.10851418716035,-1.42734667364945,-1.45038667168183,1.34302467429632,2.43437472592242,1.47803489893266,-1.30702452792978,0.512492969005939,-0.194823958676101,1.15995202460523,0.194823958676101,0.39664472526873,-0.157287658918995,2.09131742513971,-1.41293239630992,-1.06746254165991,1.03603704881851,1.02404537501885,0.886989092521114,0.550307984575292
"A11",-0.468700759069591,-1.16591139419613,-0.194453447768282,1.16591139419613,1.56111419028662,0.845401225551566,0.675211899510817,1.30769910644091,0.0801805775699296,-0.762494771531378,0.410460647092128,-1.30702452792978,0.512492969005939,0.614444792747706,0.79365138525621,-0.614444792747706,0.281223858331409,1.13170388734399,-0.18765334733686,0.988123116629896,0.587625959415392,1.43524398506051,1.96586812868583,1.20245403535772,0.550307984575292
"A12",0.327563901282343,-0.605740428824493,0.862199249538608,0.605740428824493,2.50395607393486,-1.38040140410957,0.829057648766447,0.286185855284341,0.92207664205419,1.42483698988438,1.92285750386622,0.502701741511453,0.512492969005939,-1.40872708581181,1.40415245083791,1.40872708581181,2.24337859626587,0.326084170929623,2.09131742513971,2.92067999289853,3.02157963746731,-0.161583759907475,-0.294506480114911,1.20245403535772,-2.15823912700622
"A13",0.72569623145831,0.51460150191879,-0.590698209258365,-0.51460150191879,-0.560280047921921,-0.10851418716035,0.0598289024883002,-0.377797757967431,-1.60361155139859,-1.2672636395504,-1.13159105001087,-0.703782438116034,-1.31507629782656,0.749322917985007,-0.24420042623268,-0.749322917985007,-0.988405677979122,-0.47953554548474,-0.18765334733686,-0.0659988158802659,-0.824067173854721,0.237623176334521,0.270587172085274,-0.460906572326214,0.550307984575292
"A14",NA,0.37455876057588,0.928240043120289,-0.37455876057588,0.14685136481426,-0.10851418716035,0.777775732347904,1.25662344388308,0.92207664205419,0.920068121865358,0.73666389071007,-1.30702452792978,-0.0966967866048944,0.749322917985007,0.54945095902353,-0.749322917985007,0.165802991394088,-0.318411602201868,0.666960692341853,0.753873798294305,1.02573762146474,1.03603704881851,0.647316273552064,0.60020278085147,0.550307984575292
"A15",-0.866833089245557,-0.185612204795762,0.0697097265584407,0.185612204795762,0.14685136481426,-0.744457795634961,-1.52991050648654,-1.55253799679749,2.60586877102271,3.10739988328111,1.15183165531472,0.502701741511453,0.512492969005939,-0.869214584862607,0.36630063934902,0.869214584862607,0.165802991394088,-1.12403131861623,-0.472524693896431,-1.7643063738133,-1.50557420370926,0.237623176334521,1.02404537501885,0.514166887350577,1.0920174068916
"A16",-0.866833089245557,0.23451601923297,-1.91151408089198,-0.23451601923297,-1.85668763793825,-1.06242959987227,-0.555554094534217,-1.09285703377703,0.0801805775699296,-0.0894696141726836,-1.72468785658894,0.502701741511453,-0.705886542215728,0.344688542273103,-1.89255330330327,-0.344688542273103,-1.33466827879108,-1.44627920518198,-1.32713873357514,-1.41293239630992,-0.921425320976798,-0.959997632391466,-1.23632923378189,-2.09558854884319,-0.533110860057314
"A17",-1.1322546426962,0.934729725947522,-0.986942970748449,-0.934729725947522,-1.73883240248222,-0.10851418716035,-0.60683601095276,0.439412842957827,0.50112860981206,-0.425982192852031,-1.10193620968196,-1.30702452792978,-0.705886542215728,-1.13897083533721,-1.28205223772157,1.13897083533721,-0.0650387424805539,-1.12403131861623,0.382089345782282,0.0511258432875299,-0.191239217561222,1.8344509213025,0.647316273552064,-0.403549309992285,0.550307984575292
"A18",1.38925011508492,-1.16591139419613,0.0697097265584407,1.16591139419613,0.736127542094411,2.43526024673809,-0.658117927371303,-1.0417813712192,0.0801805775699296,-0.594238482191704,0.49942516807884,0.502701741511453,-1.31507629782656,-0.464580209150704,0.18315031967451,0.464580209150704,1.78169512851658,-0.962907375333358,-0.472524693896431,-1.70574404422941,-1.50557420370926,1.43524398506051,0.458951722818669,0.915667723688079,-1.07482028237362
"A19",-0.0705684288936237,-1.58603961822487,-0.656739002840046,1.58603961822487,0.500417071182351,-0.426485991397655,-0.299144512441502,0.286185855284341,-1.18266351915646,-1.09900735021073,-0.627458764419504,-0.100540348302291,-0.0966967866048944,-0.464580209150704,-0.42735074590719,0.464580209150704,0.165802991394088,-0.318411602201868,-0.18765334733686,0.285375161623122,-0.142560144000184,0.636830112576517,1.40077447648564,0.112666051013075,1.0920174068916
"A20",-0.203279205618946,0.654644243261701,-0.194453447768282,-0.654644243261701,-0.678135283377951,-0.744457795634961,-0.145298763185872,-0.275646432851773,0.0801805775699296,-0.0894696141726836,-0.538494243432793,0.502701741511453,0.512492969005939,-0.599458334388005,-0.48840085246536,0.599458334388005,-0.988405677979122,0.00383628436387791,0.666960692341853,-0.124561145464164,-0.0452019968781071,-1.35920456863346,-0.671235581581701,-0.862407408663716,-1.61652970468992
"A21",0.327563901282343,-0.185612204795762,0.598036075211886,0.185612204795762,-0.0888591060978004,1.16337302978887,0.316238484581016,0.184034530168684,-0.340767454672201,0.07878667516699,0.825628411696781,0.502701741511453,0.512492969005939,0.344688542273103,1.52625266395425,-0.344688542273103,0.627486459143372,1.45395177390973,1.80644607858014,1.74943340122057,1.46384928351408,0.636830112576517,0.0822226213518788,1.23113266652469,-2.15823912700622
"A22",-1.1322546426962,-0.0455694634528514,-1.11902455791181,0.0455694634528514,-1.38526669611413,-0.426485991397655,-1.63247433932362,-1.50146233423966,-0.340767454672201,-0.425982192852031,-1.04262652902416,-0.703782438116034,-1.9242660534374,1.55859166940881,-0.54945095902353,-1.55859166940881,-0.75756394410448,-1.12403131861623,-1.04226738701557,-1.7643063738133,-1.60293235083133,1.43524398506051,0.647316273552064,-0.374870678825321,0.550307984575292
"A23",-0.601411535794913,-0.465697687481583,-0.854861383585088,0.465697687481583,0.0289961293582298,-1.06242959987227,-0.452990261697131,-0.479949083083088,0.50112860981206,0.247042964506664,-0.330910361130466,0.502701741511453,0.512492969005939,-0.329702083913403,-0.85470149181438,0.329702083913403,-0.411301343292517,-1.2851552618991,-0.757396040456002,-0.0659988158802659,0.538946885854353,-0.959997632391466,-1.04796468304849,-0.919764670997645,-0.533110860057314
"A24",-0.734122312520235,1.07477246729043,-0.656739002840046,-1.07477246729043,-0.560280047921921,-0.744457795634961,-1.17093709155673,-0.122419445178288,1.34302467429632,-0.0894696141726836,-0.508839403103889,0.502701741511453,0.512492969005939,-1.67848333628641,-1.52625266395425,1.67848333628641,-1.10382654491644,-1.12403131861623,0.951832038901424,-0.710184441303143,1.31781206283097,-0.56079069614947,-0.671235581581701,-1.26390824500122,-2.15823912700622
"A25",-0.468700759069591,-0.465697687481583,-1.44922852582021,0.465697687481583,-1.2674114606581,-0.426485991397655,-0.760681760208389,-1.19500835889269,0.0801805775699296,-0.930751060871052,-1.398484612971,1.1059438313252,-0.0966967866048944,-1.27384896057451,-1.64835287707059,1.27384896057451,-1.21924741185376,-0.801783432050486,0.666960692341853,-0.827309100470939,0.0521561502439696,-0.959997632391466,-1.23632923378189,-1.57937318783783,0.00859856225898891
"A26",-0.203279205618946,-0.605740428824493,0.00366893297676014,0.605740428824493,1.20754848391853,-0.10851418716035,-1.27350092439382,-1.45038667168183,0.0801805775699296,0.583555543186011,1.12217681498582,-0.703782438116034,0.512492969005939,0.479566667510404,1.09890191804706,-0.479566667510404,1.20459079382998,-0.47953554548474,0.382089345782282,-1.53005705547771,-1.35953698302614,1.43524398506051,1.40077447648564,1.51791897819433,0.550307984575292
"A27",1.2565393383596,-0.885825911510314,0.730117662375247,0.885825911510314,1.0896932484625,-0.426485991397655,-0.709399843789846,-1.50146233423966,0.50112860981206,0.415299253846337,1.06286713432801,-0.100540348302291,0.512492969005939,0.479566667510404,0.48840085246536,-0.479566667510404,0.973749059955335,-0.157287658918995,-1.32713873357514,-1.41293239630992,-1.65161142439237,-0.161583759907475,-0.106141929381516,0.657560043185399,1.0920174068916
"A28",1.38925011508492,0.23451601923297,1.78677035968214,-0.23451601923297,0.736127542094411,1.48134483402618,-0.658117927371303,-1.19500835889269,-0.340767454672201,0.751811832525685,1.24079617630143,-1.91026661774352,0.512492969005939,-0.599458334388005,1.2210021311634,0.599458334388005,2.47422033014051,1.13170388734399,1.52157473202057,-0.944433759638734,-1.16482068878199,-0.56079069614947,-0.482871030848306,1.25981129769165,0.550307984575292
"A29",1.92009322198621,0.654644243261701,0.399913694466844,-0.654644243261701,-0.442424812465891,-1.06242959987227,0.72649381592936,-0.275646432851773,-1.18266351915646,-1.09900735021073,-0.568149083761696,0.502701741511453,-1.31507629782656,2.90737292178183,1.15995202460523,-2.90737292178183,-1.10382654491644,-0.157287658918995,-0.757396040456002,0.519624479958713,-1.3108579094651,-0.56079069614947,-1.04796468304849,-0.059405735988712,1.0920174068916
"A30",-1.1322546426962,1.63494343266207,-1.18506535149349,-1.63494343266207,-1.85668763793825,0.52742942131426,-1.63247433932362,-1.34823534656617,-1.18266351915646,-1.2672636395504,-1.69503301626004,-0.703782438116034,-1.9242660534374,-1.13897083533721,-1.09890191804706,1.13897083533721,-0.295880476355196,-0.801783432050486,-0.472524693896431,-1.64718171464551,-1.50557420370926,1.43524398506051,0.647316273552064,-0.43222794115925,0.550307984575292
"A31",NA,-0.185612204795762,-0.194453447768282,0.185612204795762,0.853982777550441,0.209457617076955,-0.042734930348786,0.184034530168684,-0.761715486914331,0.583555543186011,0.380805806763225,-0.100540348302291,-0.0966967866048944,0.0749322917985009,0.85470149181438,-0.0749322917985009,-0.180459609417875,1.6150757171926,2.37618877169928,1.51518408288498,1.56120743063616,0.237623176334521,0.458951722818669,0.686238674352363,1.0920174068916
"A32",-0.203279205618946,0.654644243261701,-0.656739002840046,-0.654644243261701,-0.324569577009861,-1.38040140410957,0.0598289024883002,-0.786403058430059,0.0801805775699296,0.751811832525685,-0.449529722446081,0.502701741511453,0.512492969005939,-0.0599458334388003,-0.73260127869804,0.0599458334388003,-0.526722210229838,-0.157287658918995,-0.757396040456002,-0.593059782135347,0.149514297366046,-1.35920456863346,-1.23632923378189,-1.23522961383425,-1.07482028237362
"A33",0.327563901282343,-1.30595413553905,-0.854861383585088,1.30595413553905,-0.324569577009861,-0.426485991397655,0.00854698606975706,0.286185855284341,-1.60361155139859,-1.43551992889007,-1.13159105001087,-0.703782438116034,-0.705886542215728,-0.464580209150704,-0.54945095902353,0.464580209150704,-0.295880476355196,0.326084170929623,0.0972179992227106,-0.124561145464164,-0.824067173854721,0.237623176334521,1.58913902721904,-0.403549309992285,0.550307984575292
"A34",-0.734122312520235,-1.44599687688196,-0.788820590003407,1.44599687688196,0.853982777550441,2.11728844250079,0.88033956518499,1.1033964562096,0.0801805775699296,0.247042964506664,-0.241945840143755,1.1059438313252,0.512492969005939,0.209810417035802,-0.36630063934902,-0.209810417035802,0.0503821244567671,0.164960227646751,0.382089345782282,0.519624479958713,-0.337276438244337,1.03603704881851,1.02404537501885,0.313416469181826,0.550307984575292
"A35",-0.734122312520235,-0.465697687481583,0.00366893297676014,0.465697687481583,0.26470660027029,-0.10851418716035,-1.47862859006799,-1.45038667168183,2.18492073878058,1.25658070054471,0.618044529394455,0.502701741511453,0.512492969005939,-0.869214584862607,0.06105010655817,0.869214584862607,-0.0650387424805539,0.809456000778242,0.951832038901424,-1.06155841880653,-1.26217883590407,-0.161583759907475,-0.482871030848306,0.0553087886791457,1.0920174068916
"A36",1.2565393383596,-0.0455694634528514,0.664076868793566,0.0455694634528514,0.26470660027029,0.52742942131426,0.521366150255188,0.388337180399998,0.50112860981206,0.751811832525685,0.380805806763225,-0.100540348302291,0.512492969005939,-0.464580209150704,-0.30525053279085,0.464580209150704,0.39664472526873,-0.318411602201868,0.382089345782282,-0.710184441303143,0.684984106537468,-0.959997632391466,-0.671235581581701,-0.260156154157463,1.0920174068916
"A37",4.04346564959137,0.23451601923297,3.9661165478776,-0.23451601923297,1.67896942574265,-0.10851418716035,3.95725455029758,2.48243934527097,-0.761715486914331,2.60263101526209,3.52421888162703,1.1059438313252,-0.705886542215728,-0.734336459625306,3.96825692628105,0.734336459625306,4.090112467263,3.70968697986995,3.80054550449713,2.51074368581124,0.92837947434266,0.237623176334521,0.270587172085274,3.43938726638095,0.550307984575292
"A38",1.52196089181024,-0.465697687481583,0.531995281630205,0.465697687481583,0.971838013006471,-0.10851418716035,1.49572256220751,1.05232079365177,0.50112860981206,-0.257725903512357,0.9739026133413,-0.703782438116034,-0.705886542215728,-0.0599458334388003,0.91575159837255,0.0599458334388003,0.627486459143372,0.648332057495369,-0.18765334733686,0.519624479958713,0.00347707668293121,-0.56079069614947,-1.04796468304849,0.399452362682719,0.550307984575292
"A39",-0.335989982344268,-1.16591139419613,-0.656739002840046,1.16591139419613,0.26470660027029,0.52742942131426,-0.042734930348786,0.235110192726512,0.0801805775699296,-0.425982192852031,-0.419874882117178,-0.703782438116034,0.512492969005939,-0.194823958676101,-0.48840085246536,0.194823958676101,-0.642143077167159,-0.801783432050486,1.23670338546099,-0.651622111719245,0.100835223805008,0.237623176334521,-0.106141929381516,-0.489585203493178,0.550307984575292
"A40",0.592985454732988,0.094473277890059,-0.788820590003407,-0.094473277890059,0.14685136481426,-1.06242959987227,0.111110818906843,-0.377797757967431,0.50112860981206,0.583555543186011,-0.241945840143755,1.1059438313252,0.512492969005939,-0.599458334388005,-0.85470149181438,0.599458334388005,-0.180459609417875,-1.12403131861623,0.382089345782282,-0.24168580463196,0.246872444488123,-0.959997632391466,-1.23632923378189,-0.948443302164609,0.00859856225898891
"A41",-0.203279205618946,-1.02586865285322,-1.58131011298357,1.02586865285322,-0.0888591060978004,-0.744457795634961,-0.350426428860045,-1.14393269633486,-0.761715486914331,-0.762494771531378,-1.22055557099758,0.502701741511453,1.12168272461677,2.23298229559532,-0.79365138525621,-2.23298229559532,-1.79635174654037,0.164960227646751,-1.32713873357514,-0.534497452551449,-0.531992732488491,-1.35920456863346,-1.04796468304849,-1.66540908133872,-1.61652970468992
"A42",NA,0.934729725947522,0.531995281630205,-0.934729725947522,-1.03170098974604,1.16337302978887,-1.42734667364945,-1.24608402145052,0.0801805775699296,-0.0894696141726836,-0.12332647882814,0.502701741511453,0.512492969005939,0.209810417035802,-0.67155117213987,-0.209810417035802,-0.642143077167159,-0.801783432050486,-1.04226738701557,-1.64718171464551,-1.60293235083133,-1.35920456863346,-0.106141929381516,-0.690335621661929,-0.533110860057314
"A43",NA,1.07477246729043,-0.0623718606049205,-1.07477246729043,-0.560280047921921,-1.38040140410957,-0.965809425882562,-1.65468932191315,0.50112860981206,-0.257725903512357,-0.241945840143755,0.502701741511453,1.12168272461677,-0.194823958676101,-0.36630063934902,0.194823958676101,-0.411301343292517,0.326084170929623,-0.18765334733686,-1.23724540755822,-1.45689513014822,-0.56079069614947,-0.859600132315096,-0.719014252828894,-1.07482028237362
"A44",-0.866833089245557,-2.14621058359651,-1.58131011298357,2.14621058359651,-0.0888591060978004,-0.744457795634961,-0.60683601095276,-0.531024745640916,2.18492073878058,1.25658070054471,-0.241945840143755,1.1059438313252,0.512492969005939,-1.00409271009991,-0.54945095902353,1.00409271009991,-1.45008914572841,1.13170388734399,1.80644607858014,-0.24168580463196,0.879700400781622,0.237623176334521,-0.671235581581701,-1.0344791956655,0.550307984575292
"A45",-0.601411535794913,-1.30595413553905,-0.986942970748449,1.30595413553905,0.736127542094411,-1.06242959987227,-1.42734667364945,-1.60361365935532,-0.761715486914331,-0.425982192852031,-0.686768445077312,-0.703782438116034,-0.705886542215728,0.479566667510404,0.06105010655817,-0.479566667510404,-0.411301343292517,0.487208114212496,-0.757396040456002,-1.17868307797433,-1.5542532772703,0.237623176334521,-0.294506480114911,-0.00204847365478312,0.550307984575292
"A46",-0.203279205618946,0.23451601923297,-0.656739002840046,-0.23451601923297,-0.324569577009861,0.52742942131426,-1.27350092439382,-1.34823534656617,0.50112860981206,0.415299253846337,-0.508839403103889,0.502701741511453,1.12168272461677,1.42371354417151,-0.12210021311634,-1.42371354417151,-1.10382654491644,0.164960227646751,0.0972179992227106,-1.29580773714212,-1.40821605658718,-1.35920456863346,-1.23632923378189,-1.0344791956655,-0.533110860057314
"A47",0.991117784908955,-0.605740428824493,0.928240043120289,0.605740428824493,1.44325895483059,1.48134483402618,1.03418531444062,1.8184557320192,3.02681680326484,2.77088730460177,1.80423814255061,1.1059438313252,-0.705886542215728,0.749322917985007,1.09890191804706,-0.749322917985007,0.0503821244567671,0.326084170929623,-0.757396040456002,0.402499820790917,1.90196094556343,1.43524398506051,2.15423267941922,1.37452582235951,0.00859856225898891
"A48",0.194853124557021,1.07477246729043,-1.05298376433013,-1.07477246729043,-1.2674114606581,-0.744457795634961,-0.0940168467673291,-0.990705708661374,1.34302467429632,0.583555543186011,-0.835042646721831,0.502701741511453,0.512492969005939,-0.0599458334388003,-1.28205223772157,0.0599458334388003,-1.79635174654037,-0.47953554548474,-0.472524693896431,-0.534497452551449,-0.0452019968781071,-1.35920456863346,-1.61305833524868,-1.75144497483961,-2.15823912700622
"A49",2.4509363288875,-0.605740428824493,0.201791313721802,0.605740428824493,0.38256183572632,-1.06242959987227,1.08546723085916,0.33726151784217,-1.18266351915646,-1.2672636395504,-0.152981319157044,1.1059438313252,-1.31507629782656,0.344688542273103,0.79365138525621,-0.344688542273103,0.165802991394088,1.13170388734399,-0.472524693896431,0.812436127878203,-0.239918291122261,0.237623176334521,-0.106141929381516,0.34209510034879,0.550307984575292
"A50",NA,2.89532810474827,-0.788820590003407,-2.89532810474827,-1.73883240248222,-1.06242959987227,-1.68375625574217,-1.60361365935532,1.76397270653845,1.42483698988438,-0.508839403103889,0.502701741511453,0.512492969005939,-0.0599458334388003,-1.28205223772157,0.0599458334388003,-1.33466827879108,-0.157287658918995,0.0972179992227106,-1.41293239630992,-1.40821605658718,-0.959997632391466,-1.23632923378189,-1.57937318783783,-1.61652970468992
"A51",NA,-1.02586865285322,0.730117662375247,1.02586865285322,0.38256183572632,2.7532320509754,1.90597789355585,1.00124513109394,0.92207664205419,-0.257725903512357,0.618044529394455,0.502701741511453,0.512492969005939,-1.13897083533721,-0.24420042623268,1.13897083533721,1.08916992689266,0.487208114212496,0.0972179992227106,0.343937491207019,0.100835223805008,-0.161583759907475,-0.294506480114911,0.112666051013075,-1.07482028237362
"A52",1.78738244526089,-0.605740428824493,0.333872900885163,0.605740428824493,0.0289961293582298,0.52742942131426,1.23931298011479,-0.377797757967431,-0.340767454672201,0.415299253846337,0.143567084131994,1.1059438313252,0.512492969005939,-0.329702083913403,-0.12210021311634,0.329702083913403,-0.180459609417875,0.487208114212496,-0.472524693896431,0.226812832039224,-0.970104394537836,-0.959997632391466,-0.859600132315096,-0.374870678825321,0.550307984575292
"A53",-0.0705684288936237,-0.465697687481583,0.333872900885163,0.465697687481583,0.736127542094411,1.48134483402618,-1.22221900797528,-1.19500835889269,-1.60361155139859,-1.60377621822975,-0.212290999814851,1.1059438313252,-0.705886542215728,-0.599458334388005,0.36630063934902,0.599458334388005,0.973749059955335,0.809456000778242,-0.18765334733686,-1.06155841880653,-1.45689513014822,0.237623176334521,-0.106141929381516,0.657560043185399,0.550307984575292
"A54",-1.26496541942152,0.23451601923297,-1.11902455791181,-0.23451601923297,-1.14955622520207,-0.426485991397655,-1.68375625574217,-1.50146233423966,-0.340767454672201,-0.425982192852031,-1.07228136935306,-1.30702452792978,-1.9242660534374,0.0749322917985009,-0.97680170493072,-0.0749322917985009,-1.21924741185376,0.00383628436387791,0.0972179992227106,-1.35437006672602,-1.40821605658718,2.2336578575445,1.96586812868583,-0.260156154157463,0.550307984575292
"A55",-0.335989982344268,-0.885825911510314,-0.326535034931643,0.885825911510314,0.0289961293582298,0.52742942131426,0.111110818906843,1.35877476899874,-1.18266351915646,-0.594238482191704,-0.271600680472659,0.502701741511453,0.512492969005939,0.614444792747706,0.67155117213987,-0.614444792747706,0.165802991394088,0.00383628436387791,-0.18765334733686,-0.475935122967551,0.00347707668293121,-0.56079069614947,-0.482871030848306,0.313416469181826,1.0920174068916
"A56",1.38925011508492,0.37455876057588,0.465954488048524,-0.37455876057588,-0.560280047921921,0.845401225551566,0.72649381592936,-0.173495107736116,1.34302467429632,1.76134956856373,0.440115487421032,1.1059438313252,0.512492969005939,-0.734336459625306,-0.36630063934902,0.734336459625306,0.39664472526873,-0.640659488767613,0.0972179992227106,-0.593059782135347,-0.0452019968781071,-0.161583759907475,-0.482871030848306,-0.403549309992285,0.550307984575292
"A57",0.460274678007665,-0.0455694634528514,1.32448480461037,0.0455694634528514,0.853982777550441,1.48134483402618,0.623929983092274,1.56307741923006,-0.340767454672201,-0.0894696141726836,1.03321229399911,-1.30702452792978,1.12168272461677,0.614444792747706,1.15995202460523,-0.614444792747706,0.39664472526873,-0.47953554548474,0.382089345782282,0.695311468710407,0.782342253659545,1.43524398506051,1.21240992575225,1.63263350286219,0.550307984575292
"A58",-0.468700759069591,-0.0455694634528514,0.267832107303483,0.0455694634528514,0.971838013006471,0.845401225551566,-0.299144512441502,1.25662344388308,0.50112860981206,0.07878667516699,0.855283252025685,0.502701741511453,1.12168272461677,-0.0599458334388003,0.36630063934902,0.0599458334388003,0.0503821244567671,-1.12403131861623,1.52157473202057,0.519624479958713,2.632147048979,0.237623176334521,-0.106141929381516,0.456809625016648,-0.533110860057314
"A59",0.0621423478316986,0.794686984604611,0.465954488048524,-0.794686984604611,-0.442424812465891,0.52742942131426,0.213674651743929,1.20554778132526,-1.18266351915646,-0.930751060871052,-0.182636159485947,1.1059438313252,0.512492969005939,1.55859166940881,0.54945095902353,-1.55859166940881,-0.642143077167159,-1.44627920518198,0.0972179992227106,0.109688172871428,-0.0452019968781071,-0.56079069614947,-0.294506480114911,0.399452362682719,0.550307984575292
"A60",0.858407008183632,-0.325654946138672,1.52260718535541,0.325654946138672,2.15039036756677,0.209457617076955,1.70085022788168,1.35877476899874,1.34302467429632,1.42483698988438,1.86354782320841,1.1059438313252,0.512492969005939,-1.40872708581181,1.64835287707059,1.40872708581181,1.8971159954539,2.2595714903241,0.0972179992227106,1.28093476454939,1.31781206283097,1.43524398506051,0.835680824285459,1.9480984456988,0.550307984575292
"A61",-1.1322546426962,0.094473277890059,-0.458616622095004,-0.094473277890059,-0.560280047921921,-1.06242959987227,-0.760681760208389,-0.479949083083088,-1.60361155139859,-1.60377621822975,-1.07228136935306,-0.703782438116034,-0.705886542215728,0.344688542273103,-0.36630063934902,-0.344688542273103,-0.411301343292517,0.00383628436387791,0.0972179992227106,0.636749139126509,-0.337276438244337,-0.161583759907475,-0.859600132315096,-0.43222794115925,0.550307984575292
"A62",-0.601411535794913,-1.72608235956778,0.135750520140121,1.72608235956778,1.67896942574265,1.16337302978887,-1.42734667364945,-1.24608402145052,-0.761715486914331,0.415299253846337,0.766318731038974,0.502701741511453,1.12168272461677,-1.54360521104911,0.30525053279085,1.54360521104911,2.47422033014051,1.13170388734399,2.09131742513971,-0.944433759638734,-1.06746254165991,0.237623176334521,0.270587172085274,1.03038224835594,1.0920174068916
"A63",-0.335989982344268,-1.02586865285322,0.399913694466844,1.02586865285322,1.67896942574265,1.48134483402618,1.03418531444062,0.643715493189141,-0.340767454672201,-0.762494771531378,0.677354210052262,1.1059438313252,-3.14264556465906,-0.329702083913403,0.42735074590719,0.329702083913403,0.165802991394088,1.77619966047548,0.0972179992227106,1.22237243496549,0.63630503297643,0.237623176334521,0.0822226213518788,0.714917305519328,0.550307984575292
"A64",-0.734122312520235,0.094473277890059,-2.30775884238206,-0.094473277890059,-1.85668763793825,-1.06242959987227,-1.06837325871965,-1.399311009124,-1.18266351915646,-1.43551992889007,-2.43640402448264,0.502701741511453,0.512492969005939,1.28883541893421,-2.07570362297778,-1.28883541893421,-2.14261434735233,-0.962907375333358,-1.04226738701557,-1.12012074839043,-1.3108579094651,-1.35920456863346,-1.61305833524868,-2.46841075401372,-0.533110860057314
"A65",-0.99954386597088,-1.30595413553905,-1.38318773223853,1.30595413553905,-0.560280047921921,0.845401225551566,-1.0170913423011,0.33726151784217,-1.60361155139859,-1.60377621822975,-1.57641365494443,-3.11675079737101,-0.705886542215728,0.614444792747706,-0.79365138525621,-0.614444792747706,-0.526722210229838,0.487208114212496,-0.757396040456002,-0.124561145464164,-1.11614161522095,0.636830112576517,-0.482871030848306,-0.489585203493178,0.550307984575292
"A66",-0.734122312520235,-1.16591139419613,-0.260494241349962,1.16591139419613,0.500417071182351,0.209457617076955,-0.145298763185872,0.592639830631312,-0.340767454672201,0.07878667516699,-0.182636159485947,0.502701741511453,0.512492969005939,-1.00409271009991,-0.12210021311634,1.00409271009991,1.66627426157926,0.809456000778242,-1.04226738701557,0.812436127878203,0.00347707668293121,0.636830112576517,-0.106141929381516,0.485488256183612,1.0920174068916
"A67",NA,1.49490069131916,-0.260494241349962,-1.49490069131916,-1.2674114606581,-0.10851418716035,-0.196580679604415,-0.582100408198745,0.50112860981206,-0.0894696141726836,-0.716423285406215,0.502701741511453,0.512492969005939,-2.08311771199832,-1.58730277051242,2.08311771199832,-0.0650387424805539,-0.318411602201868,-0.18765334733686,-0.768746770887041,0.3442305916102,-0.959997632391466,-1.04796468304849,-1.46465866316997,-1.61652970468992
"A68",-0.203279205618946,-0.465697687481583,0.862199249538608,0.465697687481583,0.971838013006471,2.43526024673809,0.88033956518499,1.40985043155657,0.50112860981206,0.920068121865358,0.944247773012396,1.1059438313252,0.512492969005939,0.479566667510404,0.48840085246536,-0.479566667510404,0.165802991394088,-0.962907375333358,0.0972179992227106,-0.475935122967551,0.149514297366046,-0.56079069614947,1.40077447648564,0.686238674352363,0.00859856225898891
"A69",-0.601411535794913,2.19511439803372,-0.0623718606049205,-2.19511439803372,-1.2674114606581,-1.06242959987227,0.264956568162473,0.541564168073484,0.0801805775699296,-0.762494771531378,-0.449529722446081,0.502701741511453,-0.705886542215728,-0.464580209150704,-0.48840085246536,0.464580209150704,-0.0650387424805539,0.00383628436387791,0.0972179992227106,0.0511258432875299,0.149514297366046,1.03603704881851,0.458951722818669,-0.00204847365478312,1.0920174068916
"A70",0.858407008183632,-0.465697687481583,0.796158455956927,0.465697687481583,1.91467989665471,-0.426485991397655,1.64956831146314,-0.377797757967431,0.0801805775699296,0.583555543186011,1.38907037794595,0.502701741511453,0.512492969005939,0.0749322917985009,1.15995202460523,-0.0749322917985009,0.627486459143372,0.809456000778242,0.382089345782282,1.86655806038836,1.51252835707512,-0.959997632391466,0.458951722818669,0.800953199020221,-1.07482028237362
"A71",-0.335989982344268,0.934729725947522,0.994280836701969,-0.934729725947522,-0.324569577009861,-0.426485991397655,-0.196580679604415,0.541564168073484,-0.340767454672201,0.247042964506664,0.262186445447609,0.502701741511453,0.512492969005939,-0.194823958676101,0.6105010655817,0.194823958676101,1.08916992689266,0.648332057495369,-0.472524693896431,0.812436127878203,0.63630503297643,0.237623176334521,-0.671235581581701,0.628881412018434,-1.07482028237362
"A72",-0.203279205618946,-0.745783170167404,0.531995281630205,0.745783170167404,1.0896932484625,-0.10851418716035,1.39315872937042,0.69479115574697,0.92207664205419,1.25658070054471,0.884938092354589,0.502701741511453,0.512492969005939,-0.194823958676101,0.42735074590719,0.194823958676101,0.39664472526873,-1.2851552618991,-0.472524693896431,-0.358810463799755,0.149514297366046,-0.56079069614947,-0.294506480114911,0.198701944513968,-1.07482028237362
"A73",-0.734122312520235,-0.885825911510314,-0.326535034931643,0.885825911510314,0.38256183572632,-1.06242959987227,-0.0940168467673291,2.07383404480834,0.50112860981206,0.07878667516699,0.0249477228163792,0.502701741511453,1.12168272461677,0.884201043222308,0.42735074590719,-0.884201043222308,-0.411301343292517,-1.44627920518198,-0.18765334733686,-0.00743648629636796,0.684984106537468,2.2336578575445,1.58913902721904,0.915667723688079,1.0920174068916
"A74",1.52196089181024,-0.185612204795762,1.65468877251878,0.185612204795762,0.971838013006471,1.79931663826348,2.16238747564857,2.07383404480834,0.50112860981206,0.751811832525685,1.53734457959047,1.1059438313252,1.12168272461677,1.28883541893421,1.95360340986144,-1.28883541893421,0.0503821244567671,0.970579944061114,-0.757396040456002,0.636749139126509,0.100835223805008,0.237623176334521,0.647316273552064,1.43188308469344,0.00859856225898891
"A75",0.0621423478316986,2.47519988071954,1.45656639177373,-2.47519988071954,-0.206714341553831,-1.06242959987227,1.18803106369625,-0.224570770293945,-0.340767454672201,0.247042964506664,1.09252197465692,0.502701741511453,0.512492969005939,0.749322917985007,1.64835287707059,-0.749322917985007,0.39664472526873,0.970579944061114,0.0972179992227106,1.80799573080447,0.63630503297643,-0.161583759907475,0.458951722818669,1.17377540419076,-0.533110860057314
"A76",0.460274678007665,-0.885825911510314,0.399913694466844,0.885825911510314,1.67896942574265,0.209457617076955,0.72649381592936,0.69479115574697,-0.340767454672201,-0.425982192852031,0.410460647092128,-0.703782438116034,0.512492969005939,-0.194823958676101,0.6105010655817,0.194823958676101,1.3200116607673,1.6150757171926,-0.472524693896431,0.929560787045998,0.3442305916102,0.237623176334521,0.458951722818669,0.743595936686292,0.550307984575292
"A77",0.0621423478316986,-0.605740428824493,0.00366893297676014,0.605740428824493,0.736127542094411,-0.744457795634961,-1.17093709155673,-1.55253799679749,1.34302467429632,1.25658070054471,0.529080008407743,1.1059438313252,0.512492969005939,-1.40872708581181,-0.18315031967451,1.40872708581181,0.512065592206051,0.00383628436387791,1.52157473202057,-1.35437006672602,-1.16482068878199,0.237623176334521,0.835680824285459,0.198701944513968,0.550307984575292
"A78",0.592985454732988,0.51460150191879,-0.392575828513324,-0.51460150191879,-0.442424812465891,0.209457617076955,-0.196580679604415,-0.531024745640916,-0.340767454672201,-0.762494771531378,-0.746078125735119,0.502701741511453,0.512492969005939,-0.329702083913403,-0.91575159837255,0.329702083913403,-0.642143077167159,0.164960227646751,-0.472524693896431,-0.24168580463196,-0.629350879610567,-1.35920456863346,-1.23632923378189,-1.17787235150032,-0.533110860057314
"A79",NA,-1.44599687688196,-0.854861383585088,1.44599687688196,0.500417071182351,0.52742942131426,-0.042734930348786,-0.275646432851773,-0.340767454672201,-0.762494771531378,-0.508839403103889,-0.703782438116034,-0.705886542215728,-0.869214584862607,-0.6105010655817,0.869214584862607,-0.180459609417875,0.648332057495369,-0.757396040456002,0.285375161623122,0.441588738732276,-0.161583759907475,-0.294506480114911,-0.546942465827107,0.550307984575292
"A80",-0.734122312520235,0.37455876057588,-0.788820590003407,-0.37455876057588,-0.795990518833982,-0.10851418716035,-0.247862596022958,-0.990705708661374,0.50112860981206,-0.257725903512357,-0.568149083761696,0.502701741511453,0.512492969005939,0.209810417035802,-0.97680170493072,-0.209810417035802,-1.33466827879108,-0.157287658918995,1.23670338546099,-0.183123475048062,-0.0938810704391455,-1.35920456863346,-1.61305833524868,-1.5220159255039,-0.533110860057314
"A81",-0.601411535794913,0.094473277890059,-1.11902455791181,-0.094473277890059,-0.442424812465891,-0.426485991397655,-1.0170913423011,-0.582100408198745,-1.18266351915646,-1.2672636395504,-1.19090073066868,-1.91026661774352,-2.53345580904823,1.96322604512072,-0.24420042623268,-1.96322604512072,-1.45008914572841,0.326084170929623,-1.32713873357514,1.16381010538159,0.0521561502439696,1.03603704881851,0.458951722818669,-0.202798891823534,0.550307984575292
"A82",0.194853124557021,-0.185612204795762,1.19240321744701,0.185612204795762,1.44325895483059,4.34309107216192,1.13674914727771,1.97168271969268,0.92207664205419,0.07878667516699,1.30010585695924,0.502701741511453,0.512492969005939,0.884201043222308,0.79365138525621,-0.884201043222308,0.512065592206051,-1.12403131861623,-0.18765334733686,-0.475935122967551,0.831021327220583,0.636830112576517,1.58913902721904,1.03038224835594,1.0920174068916
"A83",0.592985454732988,-1.58603961822487,0.0697097265584407,1.58603961822487,1.20754848391853,0.845401225551566,-0.965809425882562,-1.29715968400835,1.34302467429632,0.920068121865358,1.30010585695924,0.502701741511453,0.512492969005939,-1.67848333628641,0.97680170493072,1.67848333628641,2.24337859626587,-0.318411602201868,0.951832038901424,-1.47149472589382,-1.26217883590407,2.6328647937865,0.647316273552064,1.74734802753005,-0.533110860057314
"A84",0.460274678007665,0.37455876057588,0.135750520140121,-0.37455876057588,-0.442424812465891,0.52742942131426,0.675211899510817,-0.224570770293945,-0.340767454672201,-0.0894696141726836,-0.0640167981703322,1.1059438313252,0.512492969005939,-2.21799583723562,-1.09890191804706,2.21799583723562,1.43543252770462,0.00383628436387791,0.0972179992227106,-0.768746770887041,-0.239918291122261,-0.959997632391466,-0.859600132315096,-0.632978359328,0.550307984575292
"A85",0.194853124557021,0.23451601923297,1.12636242386533,-0.23451601923297,0.26470660027029,1.16337302978887,-1.11965517513819,-1.24608402145052,-0.340767454672201,-0.930751060871052,0.321496126105417,-0.703782438116034,-1.31507629782656,-0.464580209150704,0,0.464580209150704,1.43543252770462,1.13170388734399,0.0972179992227106,-0.944433759638734,-1.40821605658718,0.636830112576517,1.02404537501885,0.829631830187185,0.550307984575292
"A86",0.327563901282343,-0.465697687481583,0.465954488048524,0.465697687481583,0.971838013006471,1.16337302978887,0.470084233836645,-0.224570770293945,0.92207664205419,1.25658070054471,0.914592932683493,1.1059438313252,0.512492969005939,-0.464580209150704,0.06105010655817,0.464580209150704,0.281223858331409,0.487208114212496,0.382089345782282,0.812436127878203,1.41517020995304,-0.56079069614947,-0.294506480114911,0.0553087886791457,0.550307984575292
"A87",-0.601411535794913,0.934729725947522,-0.128412654186601,-0.934729725947522,-0.560280047921921,-0.426485991397655,-0.247862596022958,-0.377797757967431,-0.761715486914331,-0.930751060871052,-0.568149083761696,-0.703782438116034,0.512492969005939,0.0749322917985009,-0.24420042623268,-0.0749322917985009,0.165802991394088,-0.157287658918995,-0.472524693896431,0.636749139126509,-0.483313658927452,0.237623176334521,0.458951722818669,-0.059405735988712,0.550307984575292
"A88",-0.734122312520235,-0.325654946138672,-0.920902177166768,0.325654946138672,-0.560280047921921,0.209457617076955,-0.452990261697131,-0.0713437826204591,1.76397270653845,1.25658070054471,-0.182636159485947,0.502701741511453,0.512492969005939,-0.869214584862607,-1.46520255739608,0.869214584862607,-0.180459609417875,-1.12403131861623,0.666960692341853,-0.593059782135347,1.02573762146474,-0.161583759907475,-0.859600132315096,-1.20655098266729,-1.61652970468992
"A89",0.194853124557021,1.07477246729043,2.5792598826623,-1.07477246729043,0.14685136481426,0.52742942131426,1.95725980997439,1.35877476899874,0.50112860981206,-0.257725903512357,1.47803489893266,-0.703782438116034,0.512492969005939,1.42371354417151,1.64835287707059,-1.42371354417151,-0.0650387424805539,3.06519120673846,-0.757396040456002,1.22237243496549,0.3442305916102,0.237623176334521,1.58913902721904,1.20245403535772,0.550307984575292
"A90",2.84906865906347,-1.58603961822487,1.25844401102869,1.58603961822487,2.97537701575898,0.209457617076955,2.26495130848565,0.643715493189141,1.34302467429632,2.43437472592242,2.24906074748416,0.502701741511453,0.512492969005939,0.614444792747706,2.25885394265229,-0.614444792747706,0.627486459143372,2.42069543360697,1.80644607858014,1.57374641246888,1.95064001912447,-0.56079069614947,0.270587172085274,1.40320445352647,1.0920174068916
"A91",-1.1322546426962,1.21481520863334,-0.128412654186601,-1.21481520863334,-0.324569577009861,-0.744457795634961,-0.555554094534217,0.69479115574697,-0.761715486914331,-0.930751060871052,-0.508839403103889,-1.30702452792978,-1.31507629782656,-0.329702083913403,0,0.329702083913403,-0.411301343292517,0.970579944061114,0.666960692341853,0.226812832039224,0.0521561502439696,0.636830112576517,2.34259723015262,0.198701944513968,0.550307984575292
"A92",2.18551477543686,0.37455876057588,0.531995281630205,-0.37455876057588,0.14685136481426,-0.744457795634961,1.49572256220751,0.184034530168684,-0.761715486914331,-0.594238482191704,0.113912243803091,1.1059438313252,0.512492969005939,0.749322917985007,0.36630063934902,-0.749322917985007,0.0503821244567671,-0.47953554548474,-1.04226738701557,-0.534497452551449,-0.531992732488491,-1.35920456863346,-0.671235581581701,-0.260156154157463,0.550307984575292
"A93",-0.468700759069591,1.21481520863334,-0.788820590003407,-1.21481520863334,-1.62097716702619,-0.426485991397655,-0.863245593045476,0.848018143420455,-1.18266351915646,-0.762494771531378,-1.30952009198429,-2.51350870755727,-2.53345580904823,0.344688542273103,-0.36630063934902,-0.344688542273103,-0.75756394410448,-0.640659488767613,-0.472524693896431,-0.124561145464164,-0.337276438244337,1.03603704881851,0.647316273552064,-0.17412026065657,0.550307984575292
"A94",0.194853124557021,-0.605740428824493,0.531995281630205,0.605740428824493,1.32540371937456,1.79931663826348,0.675211899510817,1.66522874434571,0.92207664205419,1.42483698988438,1.56699941991938,-0.703782438116034,0.512492969005939,-0.0599458334388003,1.34310234427974,0.0599458334388003,0.858328193018014,-0.47953554548474,2.94593146481842,0.8709984574621,2.14535631336862,1.03603704881851,1.21240992575225,1.37452582235951,0.550307984575292
"A95",-0.734122312520235,-0.465697687481583,-0.0623718606049205,0.465697687481583,0.14685136481426,1.48134483402618,0.00854698606975706,0.235110192726512,-1.18266351915646,-1.43551992889007,-0.5978039240906,0.502701741511453,-0.0966967866048944,0.0749322917985009,-0.12210021311634,-0.0749322917985009,0.165802991394088,0.648332057495369,-0.472524693896431,0.402499820790917,-0.191239217561222,0.237623176334521,0.458951722818669,0.198701944513968,1.0920174068916
"A96",-0.468700759069591,1.77498617400498,-0.260494241349962,-1.77498617400498,-1.2674114606581,-1.06242959987227,0.264956568162473,-0.684251733314402,0.50112860981206,0.07878667516699,-0.627458764419504,0.502701741511453,0.512492969005939,0.749322917985007,-0.97680170493072,-0.749322917985007,-1.33466827879108,-0.801783432050486,-0.472524693896431,-0.651622111719245,-0.483313658927452,-1.35920456863346,-1.04796468304849,-1.40730140083604,-1.61652970468992
"A97",-0.734122312520235,0.51460150191879,-0.524657415676685,-0.51460150191879,-1.38526669611413,-1.06242959987227,-1.0170913423011,-0.326722095409602,-1.18266351915646,-1.43551992889007,-1.22055557099758,-1.30702452792978,-1.31507629782656,0.209810417035802,-0.67155117213987,-0.209810417035802,-0.180459609417875,-0.47953554548474,-1.04226738701557,-0.0659988158802659,-0.531992732488491,0.636830112576517,-0.106141929381516,-0.489585203493178,0.550307984575292
"A98",-0.203279205618946,-0.185612204795762,-0.524657415676685,0.185612204795762,0.500417071182351,-0.426485991397655,0.470084233836645,-0.326722095409602,0.0801805775699296,0.07878667516699,-0.12332647882814,1.1059438313252,0.512492969005939,0.209810417035802,-0.36630063934902,-0.209810417035802,-0.295880476355196,0.164960227646751,-1.04226738701557,-0.300248134215857,0.3442305916102,-0.959997632391466,-0.859600132315096,-0.690335621661929,0.00859856225898891
"A99",0.72569623145831,0.51460150191879,1.39052559819205,-0.51460150191879,-0.0888591060978004,-0.426485991397655,0.88033956518499,0.286185855284341,-0.340767454672201,-0.425982192852031,0.825628411696781,-1.91026661774352,1.12168272461677,0.0749322917985009,0.73260127869804,-0.0749322917985009,0.742907326080693,-0.801783432050486,0.0972179992227106,1.74943340122057,0.00347707668293121,-0.161583759907475,0.0822226213518788,0.772274567853256,0.550307984575292
"A100",-0.335989982344268,-0.465697687481583,-0.326535034931643,0.465697687481583,-0.560280047921921,1.16337302978887,-0.196580679604415,0.950169468536113,-1.18266351915646,-1.09900735021073,-0.746078125735119,-1.91026661774352,0.512492969005939,1.42371354417151,-0.30525053279085,-1.42371354417151,-0.526722210229838,-1.12403131861623,-1.04226738701557,-0.593059782135347,-0.483313658927452,0.636830112576517,0.458951722818669,0.0266301575121813,0.550307984575292
"A101",NA,0.934729725947522,-0.458616622095004,-0.934729725947522,-0.795990518833982,-1.38040140410957,0.213674651743929,-1.29715968400835,0.50112860981206,0.247042964506664,-0.419874882117178,1.1059438313252,0.512492969005939,-1.13897083533721,-0.91575159837255,1.13897083533721,-0.411301343292517,-0.962907375333358,0.666960692341853,0.109688172871428,0.490267812293315,-1.35920456863346,-1.42469378451528,-1.34994413850211,0.00859856225898891
"A102",2.18551477543686,0.794686984604611,1.85281115326382,-0.794686984604611,0.500417071182351,0.52742942131426,2.47007897415983,1.86953139457703,-0.340767454672201,0.415299253846337,1.53734457959047,-1.30702452792978,-0.705886542215728,1.69346979464612,2.74725479511765,-1.69346979464612,-0.180459609417875,-0.157287658918995,-0.18765334733686,0.636749139126509,0.00347707668293121,-0.161583759907475,-0.294506480114911,1.48924034702737,0.550307984575292
"A103",0.327563901282343,-0.605740428824493,-0.788820590003407,0.605740428824493,-0.324569577009861,-1.06242959987227,-0.0940168467673291,-0.326722095409602,0.50112860981206,-0.0894696141726836,-0.568149083761696,0.502701741511453,0.512492969005939,-2.35287396247292,-1.46520255739608,2.35287396247292,-0.526722210229838,-0.640659488767613,0.382089345782282,-0.651622111719245,0.00347707668293121,-1.35920456863346,-1.23632923378189,-1.49333729433693,-0.533110860057314
"A104",-0.99954386597088,1.07477246729043,-0.722779796421727,-1.07477246729043,-1.38526669611413,0.209457617076955,-0.350426428860045,0.0308075424951981,-1.60361155139859,-0.762494771531378,-1.3688297726421,-1.91026661774352,-1.9242660534374,0.0749322917985009,-0.6105010655817,-0.0749322917985009,-0.642143077167159,-0.47953554548474,-1.04226738701557,0.168250502455326,-0.775388100293682,0.636830112576517,1.02404537501885,-0.346192047658356,0.550307984575292
"A105",0.858407008183632,0.654644243261701,0.00366893297676014,-0.654644243261701,-0.206714341553831,-1.38040140410957,0.316238484581016,-0.173495107736116,-0.340767454672201,-0.594238482191704,-0.538494243432793,1.1059438313252,0.512492969005939,-1.13897083533721,-0.91575159837255,1.13897083533721,0.0503821244567671,-0.318411602201868,-0.472524693896431,-0.651622111719245,-0.434634585366414,-1.35920456863346,-1.04796468304849,-0.89108603983068,0.550307984575292
"A106",-0.468700759069591,1.49490069131916,0.333872900885163,-1.49490069131916,-1.2674114606581,0.209457617076955,0.0598289024883002,-0.479949083083088,0.0801805775699296,0.07878667516699,-0.212290999814851,0.502701741511453,1.12168272461677,-1.13897083533721,-1.03785181148889,1.13897083533721,-0.0650387424805539,-0.47953554548474,-0.18765334733686,0.226812832039224,0.198193370927085,-1.35920456863346,-1.04796468304849,-1.00580056449854,-2.69994854932253
"A107",-0.601411535794913,0.37455876057588,0.0697097265584407,-0.37455876057588,-0.678135283377951,-0.744457795634961,-0.247862596022958,-0.122419445178288,0.0801805775699296,0.247042964506664,-0.182636159485947,1.1059438313252,0.512492969005939,-0.599458334388005,-0.6105010655817,0.599458334388005,-0.180459609417875,-0.157287658918995,0.666960692341853,-0.0659988158802659,0.490267812293315,-0.959997632391466,-1.42469378451528,-0.747692883995858,0.550307984575292
"A108",0.327563901282343,-0.465697687481583,-1.25110614507517,0.465697687481583,-1.38526669611413,-0.426485991397655,-0.145298763185872,1.35877476899874,-0.761715486914331,-0.425982192852031,-1.398484612971,-1.91026661774352,-2.53345580904823,2.90737292178183,-0.18315031967451,-2.90737292178183,-1.68093087960305,-0.801783432050486,-1.04226738701557,-0.651622111719245,-0.531992732488491,1.43524398506051,2.15423267941922,-0.403549309992285,0.550307984575292
"A109",1.38925011508492,-0.325654946138672,0.399913694466844,0.325654946138672,0.971838013006471,0.209457617076955,0.829057648766447,0.33726151784217,-1.18266351915646,-1.09900735021073,-0.152981319157044,-1.30702452792978,0.512492969005939,-0.194823958676101,0.36630063934902,0.194823958676101,1.3200116607673,0.970579944061114,0.0972179992227106,0.988123116629896,-1.01878346809887,-0.56079069614947,-0.859600132315096,0.514166887350577,0.550307984575292
"A110",-1.26496541942152,0.37455876057588,-1.71339170014694,-0.37455876057588,-1.73883240248222,0.209457617076955,-0.863245593045476,-0.0202681200626305,-1.18266351915646,-0.930751060871052,-1.66537817593114,-0.100540348302291,-2.53345580904823,-1.00409271009991,-1.2210021311634,1.00409271009991,-0.0650387424805539,-0.962907375333358,-1.04226738701557,-0.124561145464164,-0.337276438244337,1.8344509213025,0.647316273552064,-0.489585203493178,1.0920174068916
"A111",-1.1322546426962,0.794686984604611,-0.722779796421727,-0.794686984604611,-0.206714341553831,-1.38040140410957,-0.658117927371303,-0.735327395872231,0.92207664205419,0.415299253846337,-0.152981319157044,0.502701741511453,0.512492969005939,1.01907916845961,-0.6105010655817,-1.01907916845961,-1.33466827879108,0.164960227646751,0.0972179992227106,0.0511258432875299,1.12309576858681,-1.35920456863346,-0.482871030848306,-1.14919372033336,-2.15823912700622
"A112",-0.99954386597088,-0.325654946138672,-1.11902455791181,0.325654946138672,-1.03170098974604,0.845401225551566,-0.709399843789846,0.592639830631312,-1.60361155139859,-1.60377621822975,-1.69503301626004,-1.30702452792978,-3.14264556465906,1.42371354417151,-0.67155117213987,-1.42371354417151,-1.10382654491644,-0.318411602201868,-0.757396040456002,0.0511258432875299,-0.629350879610567,1.03603704881851,2.53096178088601,-0.403549309992285,0.550307984575292
"A113",0.460274678007665,-0.745783170167404,0.333872900885163,0.745783170167404,0.26470660027029,-0.426485991397655,1.18803106369625,0.235110192726512,-0.761715486914331,-0.762494771531378,0.173221924460898,0.502701741511453,1.12168272461677,1.28883541893421,0.24420042623268,-1.28883541893421,-0.872984811041801,-1.2851552618991,-1.32713873357514,-0.475935122967551,-0.580671806049529,-0.959997632391466,-0.859600132315096,-0.403549309992285,-1.07482028237362
"A114",-0.866833089245557,-0.0455694634528514,0.201791313721802,0.0455694634528514,0.618272306638381,-0.426485991397655,-0.042734930348786,0.848018143420455,-0.340767454672201,0.247042964506664,0.173221924460898,1.1059438313252,-0.0966967866048944,0.209810417035802,0.36630063934902,-0.209810417035802,0.281223858331409,-0.962907375333358,-1.04226738701557,1.86655806038836,0.441588738732276,2.2336578575445,1.96586812868583,1.23113266652469,0.550307984575292
"A115",-0.866833089245557,-1.30595413553905,-1.05298376433013,1.30595413553905,-0.0888591060978004,-0.426485991397655,0.213674651743929,-0.786403058430059,0.50112860981206,1.25658070054471,-0.5978039240906,0.502701741511453,0.512492969005939,1.42371354417151,-0.54945095902353,-1.42371354417151,-1.45008914572841,1.13170388734399,-1.04226738701557,-0.0659988158802659,-0.191239217561222,-1.35920456863346,-1.61305833524868,-1.26390824500122,-1.61652970468992
"A116",NA,-1.30595413553905,-1.11902455791181,1.30595413553905,0.14685136481426,-1.06242959987227,-0.247862596022958,-0.224570770293945,-1.60361155139859,-1.43551992889007,-1.19090073066868,-1.30702452792978,-0.0966967866048944,-0.599458334388005,-0.42735074590719,0.599458334388005,0.39664472526873,-0.318411602201868,-1.04226738701557,0.636749139126509,-0.629350879610567,-0.161583759907475,-0.294506480114911,-0.288834785324427,0.550307984575292
"A117",-0.335989982344268,0.094473277890059,0.664076868793566,-0.094473277890059,0.38256183572632,-0.426485991397655,0.72649381592936,0.745866818304798,1.34302467429632,0.751811832525685,0.73666389071007,0.502701741511453,0.512492969005939,-1.40872708581181,-0.6105010655817,1.40872708581181,0.0503821244567671,-0.962907375333358,0.951832038901424,0.0511258432875299,1.07441669502577,-0.959997632391466,-0.482871030848306,-0.202798891823534,-2.15823912700622
"A118",NA,-0.185612204795762,0.531995281630205,0.185612204795762,-0.0888591060978004,-0.426485991397655,0.213674651743929,0.0818832050530267,0.0801805775699296,-0.762494771531378,0.054602563145283,0.502701741511453,-1.31507629782656,0.344688542273103,-0.30525053279085,-0.344688542273103,0.0503821244567671,-0.640659488767613,-1.04226738701557,-0.300248134215857,0.538946885854353,-0.959997632391466,-0.671235581581701,-0.288834785324427,-1.07482028237362
"A119",0.194853124557021,1.35485794997625,1.19240321744701,-1.35485794997625,-0.913845754290012,-1.06242959987227,0.111110818906843,-0.224570770293945,0.50112860981206,-0.257725903512357,0.49942516807884,1.1059438313252,1.12168272461677,0.614444792747706,0.12210021311634,-0.614444792747706,-0.642143077167159,-1.12403131861623,-1.04226738701557,0.226812832039224,0.831021327220583,0.237623176334521,0.270587172085274,-0.00204847365478312,0.550307984575292
"A120",0.858407008183632,-0.465697687481583,1.45656639177373,0.465697687481583,1.67896942574265,0.209457617076955,0.88033956518499,1.40985043155657,0.50112860981206,0.07878667516699,1.21114133597253,-1.91026661774352,0.512492969005939,1.55859166940881,1.58730277051242,-1.55859166940881,0.165802991394088,-0.318411602201868,-1.04226738701557,0.753873798294305,1.26913298926993,0.237623176334521,-0.294506480114911,1.4605617158604,0.550307984575292
"A121",-0.0705684288936237,-1.30595413553905,0.201791313721802,1.30595413553905,0.618272306638381,-0.10851418716035,0.470084233836645,1.51200175667223,0.50112860981206,0.583555543186011,0.469770327749936,0.502701741511453,0.512492969005939,-0.0599458334388003,-0.18315031967451,0.0599458334388003,0.165802991394088,-1.12403131861623,-1.04226738701557,-0.124561145464164,0.587625959415392,-0.161583759907475,0.647316273552064,0.256059206847897,-2.15823912700622
"A122",-0.203279205618946,-0.0455694634528514,0.730117662375247,0.0455694634528514,0.736127542094411,-1.06242959987227,0.367520400999559,0.69479115574697,-1.18266351915646,-1.2672636395504,0.262186445447609,-1.30702452792978,-0.705886542215728,0.344688542273103,0.73260127869804,-0.344688542273103,0.742907326080693,0.164960227646751,-1.32713873357514,1.28093476454939,0.392909665171238,0.237623176334521,1.58913902721904,1.0590608795229,0.550307984575292
"A123",NA,1.63494343266207,1.12636242386533,-1.63494343266207,0.0289961293582298,0.845401225551566,0.418802317418102,0.745866818304798,0.0801805775699296,0.247042964506664,1.03321229399911,-1.30702452792978,1.12168272461677,-0.464580209150704,0.91575159837255,0.464580209150704,1.20459079382998,1.13170388734399,0.0972179992227106,1.28093476454939,1.31781206283097,-0.161583759907475,-0.482871030848306,0.628881412018434,0.550307984575292
"A124",1.38925011508492,0.094473277890059,1.45656639177373,-0.094473277890059,0.971838013006471,0.845401225551566,1.34187681295188,0.848018143420455,-1.60361155139859,-1.43551992889007,0.884938092354589,-1.30702452792978,1.12168272461677,-0.0599458334388003,1.40415245083791,0.0599458334388003,1.20459079382998,1.45395177390973,-0.18765334733686,1.45662175330108,0.733663180098507,-0.959997632391466,-0.859600132315096,0.944346354855043,0.550307984575292
"A125",-0.99954386597088,0.51460150191879,-0.524657415676685,-0.51460150191879,0.0289961293582298,-1.06242959987227,-0.299144512441502,-0.377797757967431,0.0801805775699296,0.751811832525685,-0.212290999814851,1.1059438313252,0.512492969005939,0.614444792747706,-0.24420042623268,-0.614444792747706,-0.411301343292517,-0.157287658918995,-1.04226738701557,0.109688172871428,0.782342253659545,-0.959997632391466,-1.23632923378189,-0.690335621661929,0.550307984575292
"A126",-1.26496541942152,2.33515713937663,0.0697097265584407,-2.33515713937663,-1.38526669611413,-0.426485991397655,-0.760681760208389,-0.0202681200626305,-0.761715486914331,-0.594238482191704,-0.716423285406215,-1.30702452792978,-1.9242660534374,-0.869214584862607,-0.18315031967451,0.869214584862607,0.0503821244567671,1.6150757171926,-0.757396040456002,1.22237243496549,0.733663180098507,0.636830112576517,1.21240992575225,0.170023313347003,0.550307984575292
