"col_ID","Target","DMC","DC","ISI","temp","RH","wind","rain","area"
"A1",-0.805179637287271,-1.32204513740515,-1.82870561911413,-0.860112528747164,-1.84085723376575,0.411325968567544,1.49716437840361,-0.0731974161662177,-0.201824316752801
"A2",-0.00809419453468063,-1.17839946512301,0.488417871383909,-0.50919510148223,-0.153129955008254,-0.691786268749332,-1.74007033826863,-0.0731974161662177,-0.201824316752801
"A3",-0.00809419453468063,-1.04880608686848,0.560172913365233,-0.50919510148223,-0.73866799049555,-0.691786268749332,-1.51681277160158,-0.0731974161662177,-0.201824316752801
"A4",0.191177166153469,-1.21118815118742,-1.89642947896167,-0.00475129978888769,-1.82363552683966,3.230390575044,-0.0098241965989858,0.602571586654042,-0.201824316752801
"A5",-0.243596711711582,-0.930142270635411,-1.79685928025725,0.126842735435462,-1.28976261213065,3.35295860141255,-1.23774081326777,-0.0731974161662177,-0.201824316752801
"A6",0.299870635619731,-0.399277829592736,-0.241629213044056,1.24539203484244,0.570181735887817,-0.936922321486416,0.771577286735693,-0.0731974161662177,-0.201824316752801
"A7",0.299870635619731,-0.343068653482335,-0.210992228827311,-0.11441299580918,0.897394167483659,-1.05949034785496,-0.512153721599851,-0.0731974161662177,-0.201824316752801
"A8",0.154946009664714,0.539103138250346,0.24291887943657,0.368098466680104,-1.87530064761795,2.55626643001702,-1.01448324660072,-0.0731974161662177,-0.201824316752801
"A9",0.0643681184428288,0.290845943762742,0.583150651527792,-0.443398083870055,-0.996993594387004,1.14673412677879,0.771577286735693,-0.0731974161662177,-0.201824316752801
"A10",0.336101792108485,-0.357120947509935,0.607337744330486,-0.421465744665997,0.673511977444399,-0.262798176459436,-0.0098241965989858,-0.0731974161662177,-0.201824316752801
"A11",0.336101792108485,-0.357120947509935,0.607337744330486,-0.421465744665997,-0.187573368860448,0.411325968567544,1.77623633673742,-0.0731974161662177,-0.201824316752801
"A12",0.390448526841616,-0.588203115963806,0.66538676705695,2.97804683196305,0.0707522350310059,-0.385366202827978,-0.0098241965989858,-0.0731974161662177,-0.201824316752801
"A13",-4.91741589876087,-0.625675900037406,0.473099379275536,-1.80320311452167,-0.325347024269224,1.69829024543723,1.49716437840361,-0.0731974161662177,-0.201824316752801
"A14",0.0462525401984527,0.244004963670741,0.55856044051172,-0.443398083870055,0.415186373552945,-0.140230150090894,-1.01448324660072,-0.0731974161662177,-0.201824316752801
"A15",0.408564105085995,0.350177851879276,0.611368926464268,0.0391133786192289,1.29349342678389,-1.42719442696058,0.269247761734828,-0.0731974161662177,-0.201824316752801
"A16",0.481026418063502,0.473525766121545,0.669014830977354,1.06993332120997,0.690733684370495,-0.0176621237223525,0.771577286735693,-0.0731974161662177,-0.201824316752801
"A17",0.191177166153469,-1.17215400111075,-1.88312657792019,-0.267939370237588,-0.652559455865065,-1.05949034785496,0.771577286735693,-0.0731974161662177,-0.201824316752801
"A18",-1.04068215446417,-1.21899498120275,0.468665078928376,-1.32069165203239,-0.377012145047514,0.16618991583046,0.49250532840188,-0.0731974161662177,-0.201824316752801
"A19",-0.261712289955958,-1.29550191535302,-1.92343839925801,-0.596924458298464,-0.51478580045629,-0.56921824238079,-0.0098241965989858,-0.0731974161662177,-0.201824316752801
"A20",-0.787064059042895,-1.30330874536835,-1.81741830913954,-0.860112528747164,-1.65141845757869,-0.0176621237223525,0.269247761734828,-0.0731974161662177,-0.201824316752801
"A21",0.0643681184428288,0.290845943762742,0.583150651527792,-0.443398083870055,-0.101464834229963,-0.262798176459436,-0.735411288266902,-0.0731974161662177,-0.201824316752801
"A22",0.209292744397845,-0.505450717801271,0.710939125168689,0.0391133786192289,0.0363088211788122,-0.385366202827978,-0.735411288266902,-0.0731974161662177,-0.201824316752801
"A23",0.662182200507273,-0.2275275692554,-1.40260966757334,10.3253804653226,0.363521252774654,-0.0176621237223525,0.269247761734828,-0.0731974161662177,-0.201824316752801
"A24",-0.0805565075121875,0.000431867192337212,-0.0424888156352134,-0.618856797502522,0.1051956488832,-0.0789461369066234,0.994834853402744,-0.0731974161662177,-0.201824316752801
"A25",0.517257574552256,0.445421178066344,0.186482329563619,2.47360303026971,0.828507339779271,-0.753070281933603,0.994834853402744,-0.0731974161662177,-0.201824316752801
"A26",0.136830431420338,0.492262158158345,0.215506840926851,0.346166127476046,-0.445898972751902,0.962882087225982,0.771577286735693,-0.0731974161662177,-0.201824316752801
"A27",0.317986213864109,0.109727487407006,0.483983571036749,0.69708355474098,0.019087114252715,-0.630502255565061,0.994834853402744,-0.0731974161662177,-0.201824316752801
"A28",0.0462525401984527,0.244004963670741,0.55856044051172,-0.443398083870055,0.0879739419571025,0.227473929014731,-1.51681277160158,-0.0731974161662177,-0.201824316752801
"A29",0.49914199630788,0.539103138250346,0.699248696980721,-0.202142352625413,1.94791828997557,-1.24334238740777,-0.735411288266902,-0.0731974161662177,-0.201824316752801
"A30",0.517257574552256,0.599996412369947,0.728273208343953,-0.202142352625413,0.673511977444399,-0.324082189643707,-0.233081763266037,-0.0731974161662177,-0.201824316752801
"A31",0.662182200507273,-0.402400561598869,0.581941296887657,1.50858010529114,1.12127635752292,-1.24334238740777,-0.233081763266037,-0.0731974161662177,-0.201824316752801
"A32",-0.370405759422223,-0.297789039393401,0.652890102442225,-0.421465744665997,-1.32420602598285,2.06599432454286,1.99949390340447,-0.0731974161662177,-0.201824316752801
"A33",-0.370405759422223,-0.64285092607114,0.6403934378275,-0.706586154318755,0.294634425070266,-0.446650216012249,-1.23774081326777,-0.0731974161662177,-0.201824316752801
"A34",0.191177166153469,-0.550730331890205,0.686752032365996,-0.267939370237588,-0.204795075786545,-0.324082189643707,-0.233081763266037,-0.0731974161662177,-0.201824316752801
"A35",0.209292744397845,-0.505450717801271,0.710939125168689,0.0391133786192289,0.397964666626847,-0.753070281933603,-0.735411288266902,-0.0731974161662177,-0.201824316752801
"A36",-0.0624409292678114,-0.471100665733804,0.734723099758005,-0.596924458298464,-0.118686541156061,1.08545011359452,0.269247761734828,-0.0731974161662177,-0.201824316752801
"A37",-0.00809419453468063,-1.17839946512301,0.488417871383909,-0.50919510148223,0.484073201257332,-1.24334238740777,0.269247761734828,-0.0731974161662177,-0.201824316752801
"A38",-0.116787664000942,-1.08315613893595,0.54283883018997,-0.070548317401063,-1.30698431905675,0.962882087225982,0.771577286735693,-0.0731974161662177,-0.201824316752801
"A39",-0.00809419453468063,-1.04880608686848,0.560172913365233,-0.50919510148223,-0.187573368860448,-1.05949034785496,-0.0098241965989858,-0.0731974161662177,-0.201824316752801
"A40",-0.460983650644108,-1.32985196742048,-1.93633818208611,-1.14523293839992,-0.824776525126035,-0.0789461369066234,-0.735411288266902,-0.0731974161662177,-0.201824316752801
"A41",-2.01892337966054,-0.784935232350209,-0.730611605871843,-1.64967674009327,0.759620512074883,-0.446650216012249,-0.512153721599851,-0.0731974161662177,-0.201824316752801
"A42",-0.0805565075121875,-0.218159373237,0.307417793577086,-0.026683638992946,-0.0842431273038668,-0.140230150090894,1.49716437840361,-0.0731974161662177,-0.201824316752801
"A43",0.752760091729158,-0.0401636488873969,0.3997318644407,1.74983583653578,-0.394233851973611,0.595178008120356,0.771577286735693,-0.0731974161662177,-0.201824316752801
"A44",0.336101792108485,-0.357120947509935,0.607337744330486,-0.421465744665997,0.122417355809297,0.227473929014731,-0.735411288266902,-0.0731974161662177,-0.201824316752801
"A45",-0.0986720857565661,-0.436750613666336,0.756894601493807,-0.618856797502522,-1.0314370082392,1.82085827180577,0.49250532840188,-0.0731974161662177,-0.201824316752801
"A46",0.662182200507273,-0.402400561598869,0.581941296887657,1.50858010529114,1.2073848921534,-1.24334238740777,-0.0098241965989858,-0.0731974161662177,-0.201824316752801
"A47",0.0462525401984527,0.244004963670741,0.55856044051172,-0.443398083870055,-0.721446283569453,1.57572221906869,-0.233081763266037,-0.0731974161662177,-0.201824316752801
"A48",0.644066622262896,-0.758392010298075,-0.423435527277636,0.43389548429228,0.707955391296592,-0.50793422919652,-0.512153721599851,-0.0731974161662177,-0.201824316752801
"A49",-0.6240238548435,-1.35795655547568,-1.94802861027408,-1.07943592078775,-1.22087578442626,-0.56921824238079,-1.23774081326777,-0.0731974161662177,-0.201824316752801
"A50",-0.551561541865994,-0.916089976607811,-1.7904093888432,-0.882044867951222,-1.35864943983504,0.104905902646189,0.994834853402744,-0.0731974161662177,-0.201824316752801
"A51",0.408564105085995,0.407948393992744,0.638780964973987,0.0391133786192289,0.32907783892246,-1.67233047969767,-1.51681277160158,-0.0731974161662177,-0.201824316752801
"A52",-0.0805565075121875,-0.176002491154199,0.335636068513562,-0.596924458298464,0.449629787405138,-0.630502255565061,-1.01448324660072,-0.0731974161662177,-0.201824316752801
"A53",0.263639479130976,0.00511596520153724,0.427950139377175,0.126842735435462,0.260191011218072,-0.140230150090894,0.49250532840188,-0.0731974161662177,-0.201824316752801
"A54",0.263639479130976,0.00511596520153724,0.427950139377175,0.126842735435462,0.260191011218072,-0.140230150090894,0.49250532840188,-0.0731974161662177,-0.201824316752801
"A55",0.191177166153469,0.0535183112966046,0.456974650740407,-0.596924458298464,-0.222016782712642,0.0436218894619184,-0.233081763266037,-0.0731974161662177,-0.201824316752801
"A56",0.408564105085995,0.407948393992744,0.638780964973987,0.0391133786192289,1.51737561682315,-1.24334238740777,-1.01448324660072,-0.0731974161662177,-0.201824316752801
"A57",-0.0624409292678114,-0.471100665733804,0.734723099758005,-0.596924458298464,-0.187573368860448,1.14673412677879,0.49250532840188,-0.0731974161662177,-0.201824316752801
"A58",0.354217370352861,-1.00508783878261,0.579925705820766,-0.0486159781970043,-0.876441645904325,0.350041955383273,-0.735411288266902,-0.0731974161662177,-0.201824316752801
"A59",-1.20372235866357,-1.58591599192342,-2.0717859017812,-1.51808270486892,-0.859219938978228,-0.262798176459436,0.771577286735693,-0.0731974161662177,-0.201824316752801
"A60",-0.732717324309765,-1.52502271780382,-2.03550526257716,-0.816247850339047,-1.13476724979578,0.411325968567544,-1.74007033826863,-0.0731974161662177,-0.201824316752801
"A61",-0.243596711711582,-0.930142270635411,-1.79685928025725,0.126842735435462,-1.27254090520455,-0.324082189643707,0.994834853402744,-0.0731974161662177,-0.201824316752801
"A62",-0.243596711711582,-0.930142270635411,-1.79685928025725,0.126842735435462,-2.30584332077037,0.901598074041711,1.27390681173656,-0.0731974161662177,-0.201824316752801
"A63",0.426679683330371,-0.555414429899405,-0.327896510706997,-0.289871709441646,-0.0153562995994787,-0.56921824238079,0.49250532840188,-0.0731974161662177,-0.201824316752801
"A64",-0.0805565075121875,-0.176002491154199,0.335636068513562,-0.596924458298464,0.32907783892246,-0.691786268749332,-0.735411288266902,-0.0731974161662177,-0.201824316752801
"A65",0.0824836966872049,-0.119793315043798,0.366273052730307,-0.706586154318755,0.725177098222689,-0.814354295117874,-0.512153721599851,-0.0731974161662177,-0.201824316752801
"A66",0.191177166153469,0.0535183112966046,0.456974650740407,-0.596924458298464,-0.0497997134516725,-0.0176621237223525,0.269247761734828,-0.0731974161662177,-0.201824316752801
"A67",0.317986213864109,0.109727487407006,0.483983571036749,0.69708355474098,0.707955391296592,-0.446650216012249,0.269247761734828,-0.0731974161662177,-0.201824316752801
"A68",0.317986213864109,0.109727487407006,0.483983571036749,0.69708355474098,0.122417355809297,-0.691786268749332,0.771577286735693,-0.0731974161662177,-0.201824316752801
"A69",0.317986213864109,0.109727487407006,0.483983571036749,0.69708355474098,0.122417355809297,-0.691786268749332,1.27390681173656,-0.0731974161662177,-0.201824316752801
"A70",0.191177166153469,-1.21118815118742,-1.89642947896167,-0.00475129978888769,-0.29090361041703,-1.12077436103923,0.269247761734828,-0.0731974161662177,-0.201824316752801
"A71",0.100599274931584,-0.976983250727412,-1.81459648164589,0.762880572353155,-0.532007507382387,-1.05949034785496,1.99949390340447,-0.0731974161662177,-0.201824316752801
"A72",0.662182200507273,-0.402400561598869,0.581941296887657,1.50858010529114,-0.204795075786545,-0.446650216012249,-0.233081763266037,-0.0731974161662177,-0.201824316752801
"A73",0.191177166153469,-1.21118815118742,-1.89642947896167,-0.00475129978888769,-0.566450921234581,-1.1820583742235,1.27390681173656,-0.0731974161662177,-0.201824316752801
"A74",-0.334174602933468,0.568769092308613,0.268315326879398,-0.00475129978888769,-0.273681903490933,-0.0789461369066234,0.269247761734828,-0.0731974161662177,-0.201824316752801
"A75",0.481026418063502,0.473525766121545,0.669014830977354,1.06993332120997,1.50015390989705,-0.875638308302145,-1.51681277160158,-0.0731974161662177,-0.201824316752801
"A76",-1.16749120217481,-1.62495014200009,-2.10161664957119,-0.289871709441646,-2.09918283765721,2.12727833772713,-0.512153721599851,-0.0731974161662177,-0.201824316752801
"A77",-0.732717324309765,-1.52502271780382,-2.03550526257716,-0.816247850339047,-0.549229214308484,-0.0789461369066234,-0.512153721599851,-0.0731974161662177,-0.201824316752801
"A78",-0.551561541865994,-0.916089976607811,-1.7904093888432,-0.882044867951222,-1.82363552683966,1.69829024543723,-0.512153721599851,-0.0731974161662177,-0.201824316752801
"A79",-0.0986720857565661,-0.0448477468965969,-0.0731257998519586,0.762880572353155,-0.721446283569453,1.33058616633161,-0.735411288266902,-0.0731974161662177,-0.201824316752801
"A80",0.0643681184428288,0.161252565508206,0.0550657920023173,-0.443398083870055,0.466851494331235,-1.54976245332912,1.49716437840361,-0.0731974161662177,-0.201824316752801
"A81",0.136830431420338,0.492262158158345,0.215506840926851,0.346166127476046,0.1051956488832,-0.324082189643707,1.27390681173656,-0.0731974161662177,-0.201824316752801
"A82",-0.0805565075121875,-0.176002491154199,0.335636068513562,-0.596924458298464,-0.170351661934351,-0.0176621237223525,-1.01448324660072,-0.0731974161662177,-0.201824316752801
"A83",0.752760091729158,-0.0401636488873969,0.3997318644407,1.74983583653578,-0.0497997134516725,0.411325968567544,0.269247761734828,-0.0731974161662177,-0.201824316752801
"A84",0.263639479130976,0.00511596520153724,0.427950139377175,0.126842735435462,-0.394233851973611,0.16618991583046,-1.74007033826863,-0.0731974161662177,-0.201824316752801
"A85",0.191177166153469,0.0535183112966046,0.456974650740407,-0.596924458298464,0.225747597365878,0.0436218894619184,-0.233081763266037,-0.0731974161662177,-0.201824316752801
"A86",0.408564105085995,0.407948393992744,0.638780964973987,0.0391133786192289,0.449629787405138,-1.79489850606621,-1.74007033826863,-0.0731974161662177,-0.201824316752801
"A87",0.408564105085995,0.407948393992744,0.638780964973987,0.0391133786192289,1.12127635752292,-1.05949034785496,-1.01448324660072,-0.0731974161662177,-0.201824316752801
"A88",0.408564105085995,0.407948393992744,0.638780964973987,0.0391133786192289,0.60462514974001,-0.630502255565061,-1.01448324660072,-0.0731974161662177,-0.201824316752801
"A89",0.517257574552256,0.599996412369947,0.728273208343953,-0.202142352625413,1.10405465059682,-0.50793422919652,-0.233081763266037,-0.0731974161662177,-0.201824316752801
"A90",0.191177166153469,-1.17215400111075,-1.88312657792019,-0.267939370237588,-0.256460196564836,-1.1820583742235,0.49250532840188,-0.0731974161662177,-0.201824316752801
"A91",-0.0805565075121875,-0.218159373237,0.307417793577086,-0.026683638992946,-0.721446283569453,0.901598074041711,0.994834853402744,-0.0731974161662177,-0.201824316752801
"A92",0.191177166153469,-1.17215400111075,-1.88312657792019,-0.267939370237588,-0.256460196564836,-1.24334238740777,0.771577286735693,-0.0731974161662177,-0.201824316752801
"A93",0.299870635619731,-0.399277829592736,-0.241629213044056,1.24539203484244,0.32907783892246,-0.753070281933603,1.27390681173656,-0.0731974161662177,-0.201824316752801
"A94",0.136830431420338,0.492262158158345,0.215506840926851,0.346166127476046,-0.118686541156061,-0.0789461369066234,0.49250532840188,-0.0731974161662177,-0.201824316752801
"A95",0.0824836966872049,-0.119793315043798,0.366273052730307,-0.706586154318755,0.77684221900098,-1.36591041377631,-0.735411288266902,-0.0731974161662177,-0.201824316752801
"A96",-0.171134398734073,-0.325893627448601,0.630718600706422,-0.925909546359339,-0.187573368860448,1.20801813996307,-1.51681277160158,-0.0731974161662177,-0.201824316752801
"A97",-1.22183793690794,-1.60621374996329,-2.08710439388957,-1.40842100884862,-1.06588042209139,0.227473929014731,-1.23774081326777,-0.0731974161662177,-0.201824316752801
"A98",-3.92105909532013,-1.69365024613502,-2.14636277125617,-1.82513545372573,-0.256460196564836,-1.24334238740777,0.771577286735693,-0.0731974161662177,-0.201824316752801
"A99",0.136830431420338,0.492262158158345,0.215506840926851,0.346166127476046,-1.25531919827846,2.6175504432013,0.269247761734828,-0.0731974161662177,-0.201824316752801
"A100",0.136830431420338,0.492262158158345,0.215506840926851,0.346166127476046,0.156860769661491,-0.324082189643707,0.771577286735693,-0.0731974161662177,-0.201824316752801
"A101",0.136830431420338,0.492262158158345,0.215506840926851,0.346166127476046,0.156860769661491,-0.324082189643707,0.771577286735693,-0.0731974161662177,-0.201824316752801
"A102",-0.334174602933468,0.568769092308613,0.268315326879398,-0.00475129978888769,-0.773111404347744,1.33058616633161,0.771577286735693,-0.0731974161662177,-0.201824316752801
"A103",0.752760091729158,-0.0401636488873969,0.3997318644407,1.74983583653578,0.208525890439781,-0.262798176459436,-0.0098241965989858,-0.0731974161662177,-0.201824316752801
"A104",0.336101792108485,0.15969119950514,0.509783136692955,-0.0924806566051212,0.897394167483659,-0.936922321486416,0.269247761734828,-0.0731974161662177,-0.201824316752801
"A105",-1.54791834530673,-1.67335248809516,-2.17135610048562,-1.34262399123645,-2.34028673462256,2.06599432454286,-0.512153721599851,-0.0731974161662177,-0.201824316752801
"A106",-0.859526372020402,-1.42665665961062,-1.97785935806407,-1.36455633044051,-1.06588042209139,0.472609981751815,1.27390681173656,-0.0731974161662177,-0.201824316752801
"A107",0.136830431420338,-1.25178366726715,-1.90932926178977,-0.333736387849763,-0.118686541156061,-0.936922321486416,-0.512153721599851,-0.0731974161662177,-0.201824316752801
"A108",-0.0805565075121875,-0.176002491154199,0.335636068513562,-0.596924458298464,0.432408080479041,-0.691786268749332,-0.512153721599851,-0.0731974161662177,-0.201824316752801
"A109",0.336101792108485,-0.357120947509935,0.607337744330486,-0.421465744665997,0.242969304291975,0.0436218894619184,-0.512153721599851,-0.0731974161662177,-0.201824316752801
"A110",-0.370405759422223,-0.297789039393401,0.652890102442225,-0.421465744665997,-0.256460196564836,0.717746034488898,0.771577286735693,-0.0731974161662177,-0.201824316752801
"A111",-0.859526372020402,-1.42665665961062,-1.97785935806407,-1.36455633044051,-0.893663352830422,-0.0789461369066234,0.994834853402744,-0.0731974161662177,-0.201824316752801
"A112",0.191177166153469,-1.21118815118742,-1.89642947896167,-0.00475129978888769,-0.0153562995994787,-1.6110464665134,0.269247761734828,-0.0731974161662177,-0.201824316752801
"A113",-0.171134398734073,-0.325893627448601,0.630718600706422,-0.925909546359339,0.673511977444399,-0.324082189643707,-0.233081763266037,-0.0731974161662177,-0.201824316752801
"A114",0.209292744397845,-0.505450717801271,0.710939125168689,0.0391133786192289,0.00186540732661784,-0.56921824238079,-0.735411288266902,-0.0731974161662177,-0.201824316752801
"A115",-0.460983650644108,-1.32985196742048,-1.93633818208611,-1.14523293839992,-0.532007507382387,-1.05949034785496,1.99949390340447,-0.0731974161662177,-0.201824316752801
"A116",-0.460983650644108,-1.32985196742048,-1.93633818208611,-1.14523293839992,-0.583672628160678,-1.05949034785496,1.27390681173656,-0.0731974161662177,-0.201824316752801
"A117",0.191177166153469,-1.17215400111075,-1.88312657792019,-0.267939370237588,-1.25531919827846,-0.875638308302145,1.27390681173656,-0.0731974161662177,-0.201824316752801
"A118",0.191177166153469,-1.17215400111075,-1.88312657792019,-0.267939370237588,-0.635337748938968,-1.05949034785496,0.49250532840188,-0.0731974161662177,-0.201824316752801
"A119",-0.0986720857565661,-1.11126072699115,-1.85974572154425,-0.618856797502522,-1.42753626753943,-0.875638308302145,-0.0098241965989858,-0.0731974161662177,-0.201824316752801
"A120",0.426679683330371,-0.555414429899405,-0.327896510706997,-0.289871709441646,0.122417355809297,-0.50793422919652,-0.512153721599851,-0.0731974161662177,-0.201824316752801
"A121",0.154946009664714,0.539103138250346,0.24291887943657,0.368098466680104,-1.47920138831772,1.82085827180577,-1.01448324660072,-0.0731974161662177,-0.201824316752801
"A122",0.154946009664714,0.539103138250346,0.24291887943657,0.368098466680104,-0.308125317343126,-0.0789461369066234,0.771577286735693,-0.0731974161662177,-0.201824316752801
"A123",0.317986213864109,0.20653217959714,0.535179584135783,-0.11441299580918,0.621846856666108,-0.140230150090894,0.771577286735693,-0.0731974161662177,-0.201824316752801
"A124",-1.13126004568606,-0.585080383957672,0.499705181358499,-1.27682697362427,-0.170351661934351,0.0436218894619184,-0.512153721599851,-0.0731974161662177,-0.201824316752801
"A125",0.662182200507273,-0.402400561598869,0.581941296887657,1.50858010529114,0.156860769661491,0.350041955383273,0.771577286735693,-0.0731974161662177,-0.201824316752801
"A126",0.354217370352861,-1.00508783878261,0.579925705820766,-0.0486159781970043,0.294634425070266,-1.24334238740777,0.771577286735693,-0.0731974161662177,-0.201824316752801
"A127",-0.551561541865994,-0.916089976607811,-1.7904093888432,-0.882044867951222,-1.70308357835698,0.288757942199002,-1.01448324660072,-0.0731974161662177,-0.201824316752801
"A128",0.517257574552256,0.599996412369947,0.728273208343953,-0.202142352625413,-0.29090361041703,-0.0789461369066234,-0.512153721599851,-0.0731974161662177,-0.201824316752801
"A129",0.136830431420338,-1.13936531504635,0.507364427412686,-0.838180189543106,-0.51478580045629,0.104905902646189,-0.233081763266037,-0.0731974161662177,-0.201824316752801
"A130",0.354217370352861,-1.00508783878261,0.579925705820766,-0.0486159781970043,-0.600894335086774,-0.56921824238079,-1.74007033826863,-0.0731974161662177,-0.201824316752801
"A131",-4.06598372127515,-1.39542933954929,-1.85732701226398,-1.80320311452167,-0.600894335086774,-0.262798176459436,-0.735411288266902,-0.0731974161662177,-0.201824316752801
"A132",-0.6240238548435,-1.35795655547568,-1.94802861027408,-1.07943592078775,-0.841998232052131,-0.324082189643707,-0.512153721599851,-0.0731974161662177,-0.201824316752801
"A133",-0.243596711711582,-0.930142270635411,-1.79685928025725,0.126842735435462,-1.42753626753943,0.104905902646189,0.49250532840188,-0.0731974161662177,-0.201824316752801
"A134",0.553488731041011,-0.46797793372767,0.553319903737803,1.94722688937231,-0.222016782712642,-0.140230150090894,-0.512153721599851,-0.0731974161662177,-0.201824316752801
"A135",-0.460983650644108,-1.32985196742048,-1.93633818208611,-1.14523293839992,-0.687002869717259,-0.385366202827978,-0.735411288266902,-0.0731974161662177,-0.201824316752801
"A136",0.517257574552256,0.445421178066344,0.186482329563619,2.47360303026971,-0.222016782712642,0.472609981751815,0.994834853402744,-0.0731974161662177,-0.201824316752801
"A137",0.317986213864109,0.20653217959714,0.535179584135783,-0.11441299580918,-0.29090361041703,0.84031406085744,-1.51681277160158,-0.0731974161662177,-0.201824316752801
"A138",0.0462525401984527,0.244004963670741,0.55856044051172,-0.443398083870055,-0.566450921234581,1.33058616633161,-0.512153721599851,-0.0731974161662177,-0.201824316752801
"A139",-0.877641950264781,-0.976983250727412,-0.945473613602437,-1.12330059919586,-0.153129955008254,-0.140230150090894,-0.735411288266902,-0.0731974161662177,-0.196168902861904
"A140",0.0643681184428288,0.290845943762742,0.583150651527792,-0.443398083870055,0.484073201257332,-0.385366202827978,-1.01448324660072,-0.0731974161662177,-0.195069239049786
"A141",0.0462525401984527,0.244004963670741,0.55856044051172,-0.443398083870055,0.518516615109526,-0.324082189643707,-1.23774081326777,-0.0731974161662177,-0.194440859728575
"A142",0.879569139439798,-0.171318393144999,-0.139640305059366,0.916406946781564,0.759620512074883,-0.814354295117874,0.269247761734828,-0.0731974161662177,-0.193184101086153
"A143",-0.0986720857565661,-0.0448477468965969,-0.0731257998519586,0.762880572353155,0.397964666626847,0.411325968567544,2.72508099507239,-0.0731974161662177,-0.192241532104337
"A144",-0.116787664000942,-0.930142270635411,-1.01440682809011,-0.070548317401063,-0.394233851973611,0.533893994936085,0.771577286735693,-0.0731974161662177,-0.19067058380131
"A145",0.879569139439798,-0.171318393144999,-0.139640305059366,0.916406946781564,0.845729046705368,-0.753070281933603,0.771577286735693,-0.0731974161662177,-0.189728014819494
"A146",0.825222404706667,0.325195995830209,0.124402124703372,0.30230144906793,1.46571049604486,-1.36591041377631,-0.0098241965989858,-0.0731974161662177,-0.187685782025559
"A147",-0.0986720857565661,-1.11126072699115,-1.85974572154425,-0.618856797502522,-0.979771887460907,-0.262798176459436,0.771577286735693,-0.0731974161662177,-0.186900307874046
"A148",-1.13126004568606,-0.585080383957672,0.499705181358499,-1.27682697362427,0.914615874409755,-0.998206334670687,-0.233081763266037,-0.0731974161662177,-0.186743213043743
"A149",0.752760091729158,-0.0401636488873969,0.3997318644407,1.74983583653578,-0.256460196564836,-0.0789461369066234,1.49716437840361,-0.0731974161662177,-0.185015169910413
"A150",0.553488731041011,-0.46797793372767,0.553319903737803,1.94722688937231,0.828507339779271,-1.1820583742235,0.269247761734828,-0.0731974161662177,-0.1842296957589
"A151",0.336101792108485,-0.85051260447901,-0.462134875761946,-0.421465744665997,0.742398805148786,-0.324082189643707,0.771577286735693,-0.0731974161662177,-0.183130031946781
"A152",-0.0986720857565661,-0.660025952104874,-0.776970200410339,-0.399533405461938,1.01794611596634,-0.936922321486416,-1.01448324660072,-0.0731974161662177,-0.180459419831635
"A153",-0.0986720857565661,-0.931703636638478,-0.499221751392742,-0.618856797502522,0.983502702114143,-0.0789461369066234,-1.23774081326777,-0.0731974161662177,-0.179359756019517
"A154",0.662182200507273,-0.402400561598869,0.581941296887657,1.50858010529114,0.208525890439781,0.16618991583046,0.49250532840188,-0.0731974161662177,-0.178888471528608
"A155",0.49914199630788,0.539103138250346,0.699248696980721,-0.202142352625413,1.84458804841899,-1.05949034785496,-0.735411288266902,-0.0731974161662177,-0.178888471528608
"A156",0.752760091729158,-0.0401636488873969,0.3997318644407,1.74983583653578,-0.428677265825805,0.16618991583046,-1.51681277160158,-0.0731974161662177,-0.177317523225582
"A157",0.49914199630788,0.539103138250346,0.699248696980721,-0.202142352625413,1.67237097915802,-1.05949034785496,-1.01448324660072,-0.0731974161662177,-0.176532049074068
"A158",0.263639479130976,0.00511596520153724,0.427950139377175,0.126842735435462,-0.0842431273038668,0.0436218894619184,-0.233081763266037,-0.0731974161662177,-0.176217859413463
"A159",0.263639479130976,0.00511596520153724,0.427950139377175,0.126842735435462,0.277412718144169,-0.56921824238079,-0.0098241965989858,-0.0731974161662177,-0.17606076458316
"A160",0.317986213864109,0.109727487407006,0.483983571036749,0.69708355474098,0.019087114252715,-0.630502255565061,0.994834853402744,-0.0731974161662177,-0.175275290431647
"A161",-0.0986720857565661,-1.11126072699115,-1.85974572154425,-0.618856797502522,-0.480342386604096,-0.936922321486416,-0.512153721599851,-0.0731974161662177,-0.17433272144983
"A162",0.825222404706667,0.325195995830209,0.124402124703372,0.30230144906793,0.242969304291975,-0.201514163275165,-0.0098241965989858,-0.0731974161662177,-0.17197629899529
"A163",-0.00809419453468063,-0.948878662672211,-1.80411540809806,-0.267939370237588,-0.635337748938968,-0.814354295117874,2.50182342840534,-0.0731974161662177,-0.171347919674079
"A164",0.336101792108485,0.15969119950514,0.509783136692955,-0.0924806566051212,-0.187573368860448,0.717746034488898,-1.23774081326777,-0.0731974161662177,-0.171190824843777
"A165",-0.171134398734073,-0.325893627448601,0.630718600706422,-0.925909546359339,-0.187573368860448,1.39187017951588,-1.01448324660072,-0.0731974161662177,-0.170248255861961
"A166",-1.04068215446417,-1.44695441765049,-1.98713107697177,-1.32069165203239,-2.34028673462256,1.57572221906869,0.269247761734828,-0.0731974161662177,-0.168206023068026
"A167",0.263639479130976,0.00511596520153724,0.427950139377175,0.126842735435462,-0.394233851973611,0.16618991583046,-1.74007033826863,-0.0731974161662177,-0.165849600613485
"A168",0.970147030661684,0.253373159689141,0.0909433129929792,1.64017414051549,0.77684221900098,-0.691786268749332,0.269247761734828,-0.0731974161662177,-0.162393514346826
"A169",0.100599274931584,-0.976983250727412,-1.81459648164589,0.762880572353155,-0.73866799049555,-1.12077436103923,3.0041529534062,-0.0731974161662177,-0.162079324686221
"A170",0.825222404706667,0.325195995830209,0.124402124703372,0.30230144906793,0.311856131996363,0.0436218894619184,-1.01448324660072,-0.0731974161662177,-0.161765135025615
"A171",0.408564105085995,0.350177851879276,0.611368926464268,0.0391133786192289,0.518516615109526,-0.56921824238079,-1.23774081326777,-0.0731974161662177,-0.16145094536501
"A172",-0.913873106753536,-0.319648163436335,0.248562534423865,-0.531127440686289,-0.256460196564836,0.350041955383273,-0.0098241965989858,-0.0731974161662177,-0.159565807401378
"A173",0.136830431420338,0.492262158158345,0.215506840926851,0.346166127476046,0.208525890439781,-0.324082189643707,0.771577286735693,-0.0731974161662177,-0.158780333249864
"A174",0.0462525401984527,0.244004963670741,0.55856044051172,-0.443398083870055,-0.204795075786545,-0.324082189643707,-1.01448324660072,-0.0731974161662177,-0.153596203849875
"A175",-0.0805565075121875,-0.218159373237,0.307417793577086,-0.026683638992946,-0.807554818199938,0.533893994936085,-1.23774081326777,-0.0731974161662177,-0.14684112614686
"A176",-0.0805565075121875,-0.218159373237,0.307417793577086,-0.026683638992946,0.242969304291975,-0.324082189643707,0.49250532840188,-0.0731974161662177,-0.130660358625683
"A177",-1.656611814773,-1.58903872392956,-1.98632484054501,-1.38648866964456,-2.25417819999208,0.595178008120356,0.994834853402744,-0.0731974161662177,-0.129403599983261
"A178",-0.0805565075121875,-0.176002491154199,0.335636068513562,-0.596924458298464,0.0535305281049088,-0.0176621237223525,-0.735411288266902,-0.0731974161662177,-0.12814684134084
"A179",-0.0986720857565661,-0.436750613666336,0.756894601493807,-0.618856797502522,-0.101464834229963,0.0436218894619184,-1.01448324660072,-0.0731974161662177,-0.125162039565088
"A180",-0.334174602933468,0.568769092308613,0.268315326879398,-0.00475129978888769,-0.773111404347744,1.33058616633161,0.771577286735693,-0.0731974161662177,-0.119663720504494
"A181",0.317986213864109,0.20653217959714,0.535179584135783,-0.11441299580918,0.862950753631464,-0.753070281933603,1.49716437840361,-0.0731974161662177,-0.118092772201467
"A182",-1.04068215446417,-1.21899498120275,0.468665078928376,-1.32069165203239,0.0363088211788122,-0.753070281933603,-0.0098241965989858,-0.0731974161662177,-0.116364729068138
"A183",-0.69648616782101,-1.48754993373022,-2.01413999726811,-1.12330059919586,-1.11754554286968,0.533893994936085,-1.01448324660072,-0.0731974161662177,-0.101597815019685
"A184",0.191177166153469,-0.973860518721279,0.59725978899603,0.455827823496338,-0.359790438121417,0.0436218894619184,0.269247761734828,-0.0731974161662177,-0.0945285476560639
"A185",0.589719887529766,0.387650635952876,0.156248463560252,1.33312139165867,0.32907783892246,-0.630502255565061,0.49250532840188,-0.0731974161662177,-0.0924863148621289
"A186",0.0643681184428288,0.290845943762742,0.583150651527792,-0.443398083870055,-0.222016782712642,0.104905902646189,-0.512153721599851,-0.0731974161662177,-0.0912295562197074
"A187",-0.243596711711582,-0.930142270635411,-1.79685928025725,0.126842735435462,-1.27254090520455,-0.324082189643707,0.994834853402744,-0.0731974161662177,-0.088873133765167
"A188",0.0462525401984527,0.244004963670741,0.55856044051172,-0.443398083870055,0.363521252774654,-0.140230150090894,-1.01448324660072,-0.0731974161662177,-0.0871450906318375
"A189",0.0281369619540741,-1.07691067492368,-1.84845841156966,-0.24600703103353,-0.96255018053481,-0.140230150090894,-1.74007033826863,-0.0731974161662177,-0.0855741423288106
"A190",0.010021383709698,-1.04412198885928,-1.83636486516831,-0.77238317193093,-1.27254090520455,0.962882087225982,-0.0098241965989858,-0.0731974161662177,-0.0723781765833846
"A191",0.100599274931584,-0.976983250727412,-1.81459648164589,0.762880572353155,-1.23809749135236,-0.691786268749332,-0.0098241965989858,-0.0731974161662177,-0.0712785127712658
"A192",0.825222404706667,0.325195995830209,0.124402124703372,0.30230144906793,0.914615874409755,-0.998206334670687,-0.735411288266902,-0.0731974161662177,-0.0654660040500662
"A193",0.752760091729158,-0.0401636488873969,0.3997318644407,1.74983583653578,0.983502702114143,-1.36591041377631,0.269247761734828,-0.0731974161662177,-0.0649947195591581
"A194",0.408564105085995,0.350177851879276,0.611368926464268,0.0391133786192289,0.931837581335852,-1.1820583742235,-0.0098241965989858,-0.0731974161662177,-0.0539980814379699
"A195",0.752760091729158,-0.0401636488873969,0.3997318644407,1.74983583653578,0.983502702114143,-1.36591041377631,0.269247761734828,-0.0731974161662177,-0.0445723916198085
"A196",0.589719887529766,0.387650635952876,0.156248463560252,1.33312139165867,0.794063925927077,-0.50793422919652,0.771577286735693,-0.0731974161662177,-0.0444152967895058
"A197",-1.656611814773,-1.58903872392956,-1.98632484054501,-1.38648866964456,-2.25417819999208,0.595178008120356,0.994834853402744,-0.0731974161662177,-0.030119667231961
"A198",0.408564105085995,0.407948393992744,0.638780964973987,0.0391133786192289,0.449629787405138,-1.79489850606621,-1.74007033826863,-0.0731974161662177,-0.028077434438026
"A199",0.0643681184428288,0.290845943762742,0.583150651527792,-0.443398083870055,-0.859219938978228,0.901598074041711,1.27390681173656,-0.0731974161662177,-0.0252497274925776
"A200",-4.91741589876087,-0.625675900037406,0.473099379275536,-1.80320311452167,0.639068563592205,-0.385366202827978,-0.233081763266037,-0.0731974161662177,-0.023992968850156
"A201",0.0643681184428288,0.290845943762742,0.583150651527792,-0.443398083870055,0.466851494331235,-0.691786268749332,-1.01448324660072,-0.0731974161662177,-0.0206939774137996
"A202",-0.0986720857565661,-1.14404941305555,-1.87143614973222,-0.399533405461938,-1.11754554286968,0.595178008120356,-0.233081763266037,-0.0731974161662177,-0.0117395720865462
"A203",-1.22183793690794,-1.59528418794182,-2.07944514783538,-1.51808270486892,-1.73752699220917,1.45315419270015,-1.01448324660072,-0.0731974161662177,0.00318443679220934
"A204",0.136830431420338,-1.13936531504635,0.507364427412686,-0.838180189543106,0.225747597365878,-0.446650216012249,-0.735411288266902,-0.0731974161662177,0.0133956007618842
"A205",-0.00809419453468063,-0.948878662672211,-1.80411540809806,-0.267939370237588,-0.652559455865065,1.20801813996307,-0.0098241965989858,-0.0731974161662177,0.0179513508406622
"A206",0.408564105085995,0.407948393992744,0.638780964973987,0.0391133786192289,0.55296002896172,-0.630502255565061,-1.23774081326777,-0.0731974161662177,0.0270628509982182
"A207",0.517257574552256,0.445421178066344,0.186482329563619,2.47360303026971,0.690733684370495,-0.814354295117874,1.77623633673742,-0.0731974161662177,0.0408871960648549
"A208",0.0643681184428288,0.290845943762742,0.583150651527792,-0.443398083870055,0.311856131996363,-0.446650216012249,-1.01448324660072,-0.0731974161662177,0.0683787913678257
"A209",0.317986213864109,0.109727487407006,0.483983571036749,0.69708355474098,0.122417355809297,-0.691786268749332,1.27390681173656,-0.0731974161662177,0.100269041919272
"A210",0.553488731041011,-0.46797793372767,0.553319903737803,1.94722688937231,0.742398805148786,-1.12077436103923,0.49250532840188,-0.0731974161662177,0.165934680985796
"A211",-0.00809419453468063,-1.04880608686848,0.560172913365233,-0.50919510148223,-0.0842431273038668,-1.1820583742235,-0.512153721599851,-0.0731974161662177,0.178816457070617
"A212",0.517257574552256,0.445421178066344,0.186482329563619,2.47360303026971,-2.37473014847476,3.16910656185973,0.994834853402744,-0.0731974161662177,0.206622242034193
"A213",0.662182200507273,-0.402400561598869,0.581941296887657,1.50858010529114,0.208525890439781,0.16618991583046,0.49250532840188,-0.0731974161662177,0.208664474828128
"A214",-0.551561541865994,-0.916089976607811,-1.7904093888432,-0.882044867951222,-1.35864943983504,0.104905902646189,0.994834853402744,-0.0731974161662177,0.227830044125056
"A215",0.191177166153469,-1.17215400111075,-1.88312657792019,-0.267939370237588,-0.325347024269224,-1.05949034785496,0.49250532840188,-0.0731974161662177,0.248409466894709
"A216",0.191177166153469,-1.17215400111075,-1.88312657792019,-0.267939370237588,-0.325347024269224,-1.05949034785496,0.49250532840188,-0.0731974161662177,0.248409466894709
"A217",0.317986213864109,0.20653217959714,0.535179584135783,-0.11441299580918,-0.342568731195321,0.962882087225982,-1.51681277160158,-0.0731974161662177,0.261291242979529
"A218",-0.370405759422223,-0.297789039393401,0.652890102442225,-0.421465744665997,-1.11754554286968,1.7595742586215,1.27390681173656,-0.0731974161662177,0.274487208724955
"A219",0.408564105085995,0.350177851879276,0.611368926464268,0.0391133786192289,0.0879739419571025,-1.54976245332912,-1.51681277160158,-0.0731974161662177,0.296480484967332
"A220",-0.0986720857565661,-1.11126072699115,-1.85974572154425,-0.618856797502522,-0.635337748938968,-1.05949034785496,-0.512153721599851,-0.0731974161662177,0.298679812591569
"A221",-0.0805565075121875,-0.176002491154199,0.335636068513562,-0.596924458298464,-0.463120679677999,0.901598074041711,-0.512153721599851,-0.0731974161662177,0.301978804027926
"A222",0.481026418063502,0.473525766121545,0.669014830977354,1.06993332120997,-0.0497997134516725,0.288757942199002,-0.233081763266037,-0.0731974161662177,0.361831934373251
"A223",-0.551561541865994,-0.916089976607811,-1.7904093888432,-0.882044867951222,-1.35864943983504,0.104905902646189,0.994834853402744,-0.0731974161662177,0.377070132912612
"A224",-0.424752494155353,0.615610072400614,-0.959582751070675,-0.487262762278172,-0.945328473608713,2.12727833772713,-0.233081763266037,-0.0731974161662177,0.379740745027758
"A225",-0.0986720857565661,-0.436750613666336,0.756894601493807,-0.618856797502522,-0.600894335086774,0.779030047673169,0.269247761734828,-0.0731974161662177,0.390580288318643
"A226",0.517257574552256,0.599996412369947,0.728273208343953,-0.202142352625413,0.690733684370495,-0.324082189643707,0.49250532840188,-0.0731974161662177,0.560871084366759
"A227",0.191177166153469,-0.973860518721279,0.59725978899603,0.455827823496338,-0.480342386604096,-0.0176621237223525,-0.0098241965989858,-0.0731974161662177,0.57375286045158
"A228",0.281755057375355,-0.45392563970007,-0.270653724407289,0.631286537128805,0.208525890439781,-0.630502255565061,0.269247761734828,-0.0731974161662177,0.714038543911882
"A229",0.517257574552256,0.599996412369947,0.728273208343953,-0.202142352625413,1.62070585837973,-1.12077436103923,-0.512153721599851,-0.0731974161662177,0.805153545487442
"A230",0.281755057375355,-0.45392563970007,-0.270653724407289,0.631286537128805,-0.428677265825805,-0.0789461369066234,-0.0098241965989858,-0.0731974161662177,0.918261823305379
"A231",0.408564105085995,0.350177851879276,0.611368926464268,0.0391133786192289,1.29349342678389,-1.42719442696058,0.269247761734828,-0.0731974161662177,1.1883078365957
"A232",0.517257574552256,0.599996412369947,0.728273208343953,-0.202142352625413,1.53459732374924,-1.05949034785496,-0.512153721599851,-0.0731974161662177,1.2934042780682
"A233",0.0643681184428288,0.290845943762742,0.583150651527792,-0.443398083870055,-0.0325780065255759,-0.0789461369066234,-0.735411288266902,-0.0731974161662177,1.42237913374671
"A234",-1.13126004568606,-0.585080383957672,0.499705181358499,-1.27682697362427,0.931837581335852,-0.50793422919652,-0.512153721599851,-0.0731974161662177,1.45803966022542
"A235",0.336101792108485,0.15969119950514,0.509783136692955,-0.0924806566051212,-0.204795075786545,-1.1820583742235,-0.512153721599851,-0.0731974161662177,2.23126041497526
"A236",0.136830431420338,0.492262158158345,0.215506840926851,0.346166127476046,0.122417355809297,-0.201514163275165,0.994834853402744,-0.0731974161662177,2.88477490903445
"A237",0.336101792108485,0.15969119950514,0.509783136692955,-0.0924806566051212,-0.118686541156061,0.104905902646189,-1.23774081326777,-0.0731974161662177,2.95483920334945
"A238",0.0643681184428288,0.290845943762742,0.583150651527792,-0.443398083870055,-0.0153562995994787,-0.262798176459436,-1.01448324660072,-0.0731974161662177,3.14241043073087
"A239",0.336101792108485,0.15969119950514,0.509783136692955,-0.0924806566051212,1.06961123674463,-1.05949034785496,-0.0098241965989858,-0.0731974161662177,16.9347081519858
"A240",-1.58414950179549,-1.68428205011662,-2.17699975547291,-1.2110299560121,-0.945328473608713,1.88214228499004,-1.23774081326777,-0.0731974161662177,-0.201824316752801
"A241",-0.479099228888484,-1.46256807768115,-2.03348967151027,-1.14523293839992,-0.635337748938968,0.411325968567544,-0.735411288266902,-0.0731974161662177,-0.201824316752801
"A242",-1.38487814110734,-1.36732475149408,-1.86498625831817,-1.4742180264608,-0.377012145047514,-1.48847844014485,-0.512153721599851,-0.0731974161662177,-0.201824316752801
"A243",0.644066622262896,0.17842759154194,0.169148246388355,0.850609929169389,-0.600894335086774,1.33058616633161,-0.0098241965989858,-0.0731974161662177,-0.0426872536561762
"A244",0.209292744397845,1.00282884116115,0.615803226811428,1.04800098200591,0.518516615109526,1.7595742586215,1.99949390340447,3.30564759793508,-0.201824316752801
"A245",0.209292744397845,1.00282884116115,0.615803226811428,1.04800098200591,0.60462514974001,0.595178008120356,1.99949390340447,-0.0731974161662177,-0.156738100455929
"A246",0.209292744397845,1.00282884116115,0.615803226811428,1.04800098200591,1.36238025448828,-0.385366202827978,1.27390681173656,-0.0731974161662177,-0.189885109649797
"A247",0.209292744397845,1.00282884116115,0.615803226811428,1.04800098200591,1.17294147830121,-0.324082189643707,0.771577286735693,-0.0731974161662177,-0.200410463280077
"A248",0.281755057375355,-0.300911771399534,-0.178742771757053,0.126842735435462,0.311856131996363,1.57572221906869,-1.01448324660072,-0.0731974161662177,-0.190042204480099
"A249",0.444795261574747,0.724905692615282,0.478743034262832,0.982203964393739,1.68959268608412,-0.998206334670687,-0.735411288266902,-0.0731974161662177,-0.201824316752801
"A250",0.444795261574747,0.724905692615282,0.478743034262832,0.982203964393739,0.484073201257332,-0.262798176459436,-2.01914229660245,-0.0731974161662177,-0.163021893668037
"A251",0.444795261574747,0.724905692615282,0.478743034262832,0.982203964393739,1.36238025448828,-1.1820583742235,-0.512153721599851,-0.0731974161662177,-0.191141868292218
"A252",0.444795261574747,0.724905692615282,0.478743034262832,0.982203964393739,0.880172460557561,-0.50793422919652,-0.512153721599851,-0.0731974161662177,-0.198054040825537
"A253",0.444795261574747,0.724905692615282,0.478743034262832,0.982203964393739,0.55296002896172,-0.446650216012249,-0.233081763266037,-0.0731974161662177,-0.198525325316445
"A254",0.227408322642224,-0.0261113548597966,0.070787402324068,-0.224074691829471,0.432408080479041,-0.385366202827978,-0.735411288266902,-0.0731974161662177,-0.177945902546792
"A255",0.17306158790909,0.425123420026477,0.297339838242631,-0.596924458298464,0.00186540732661784,-0.201514163275165,-0.512153721599851,-0.0731974161662177,-0.0393882622198197
"A256",-0.56967712011037,-0.528871207847271,0.592019252222113,-0.882044867951222,0.587403442813914,0.104905902646189,-0.0098241965989858,-0.0731974161662177,-0.201824316752801
"A257",0.644066622262896,0.0987979253855387,0.133673843611071,0.43389548429228,0.862950753631464,-0.201514163275165,-1.01448324660072,-0.0731974161662177,-0.0758342628500438
"A258",0.644066622262896,0.0987979253855387,0.133673843611071,0.43389548429228,0.432408080479041,-0.0176621237223525,-0.735411288266902,-0.0731974161662177,-0.191141868292218
"A259",0.209292744397845,0.937251469032352,0.581941296887657,1.02606864280186,0.294634425070266,0.901598074041711,-1.74007033826863,-0.0731974161662177,-0.201824316752801
"A260",0.209292744397845,0.937251469032352,0.581941296887657,1.02606864280186,0.828507339779271,-0.262798176459436,-1.23774081326777,-0.0731974161662177,-0.18014523017103
"A261",0.535373152796632,-0.202545713206333,-0.0239453778198149,1.17959501723026,1.62070585837973,-0.753070281933603,-0.0098241965989858,-0.0731974161662177,-0.0627953919349205
"A262",0.17306158790909,0.0238523572383376,0.101021268327435,-0.026683638992946,-1.32420602598285,2.43369840364848,1.99949390340447,-0.0731974161662177,-0.149983022752913
"A263",0.17306158790909,0.0238523572383376,0.101021268327435,-0.026683638992946,0.432408080479041,-0.140230150090894,-0.512153721599851,-0.0731974161662177,-0.135059013874158
"A264",0.0824836966872049,0.471964400118478,0.327170586032619,-0.421465744665997,0.0707522350310059,-0.324082189643707,-0.233081763266037,-0.0731974161662177,-0.177317523225582
"A265",0.662182200507273,0.885726390931151,0.550094958030777,0.872542268373447,0.501294908183429,0.533893994936085,-0.512153721599851,-0.0731974161662177,-0.0990842977348419
"A266",0.553488731041011,-0.135406975074465,0.00951343389057756,1.22345969563838,0.55296002896172,0.595178008120356,1.99949390340447,-0.0731974161662177,-0.189413825158889
"A267",0.662182200507273,0.325195995830209,0.23848457908941,2.99997917116711,0.0879739419571025,0.656462021304627,-0.0098241965989858,-0.0731974161662177,-0.199153704637655
"A268",0.263639479130976,0.651521490471147,0.444477986125683,1.15766267802621,0.828507339779271,-1.24334238740777,-0.512153721599851,-0.0731974161662177,-0.201824316752801
"A269",0.263639479130976,0.651521490471147,0.444477986125683,1.15766267802621,0.363521252774654,-0.753070281933603,-0.512153721599851,-0.0731974161662177,-0.201824316752801
"A270",0.263639479130976,0.651521490471147,0.444477986125683,1.15766267802621,0.0363088211788122,0.533893994936085,-0.735411288266902,-0.0731974161662177,-0.132702591419618
"A271",0.263639479130976,0.651521490471147,0.444477986125683,1.15766267802621,0.501294908183429,0.717746034488898,-0.512153721599851,-0.0731974161662177,-0.193655385577061
"A272",0.263639479130976,0.651521490471147,0.444477986125683,1.15766267802621,0.208525890439781,0.84031406085744,0.269247761734828,-0.0731974161662177,-0.0561974090622075
"A273",0.263639479130976,0.651521490471147,0.444477986125683,1.15766267802621,0.225747597365878,0.16618991583046,-0.0098241965989858,-0.0731974161662177,-0.15328201418927
"A274",-1.13126004568606,-1.30643147737448,-0.783823210037769,-0.487262762278172,-2.42639526925305,0.779030047673169,2.50182342840534,-0.0731974161662177,-0.0607531591409855
"A275",-1.20372235866357,-1.29706328135608,-0.779388909690609,-0.816247850339047,-2.37473014847476,1.02416610041025,2.22275147007153,-0.0731974161662177,-0.026035201644091
"A276",-1.09502888919731,-1.31892240539902,-0.789869983238442,-1.54001504407297,-2.37473014847476,1.02416610041025,0.49250532840188,-0.0731974161662177,-0.117307298049954
"A277",-0.950104263242288,-1.33453606542968,-0.799141702146142,-1.40842100884862,-2.46083868310524,-1.42719442696058,2.50182342840534,-0.0731974161662177,0.0785899553375006
"A278",-0.950104263242288,-1.33453606542968,-0.799141702146142,-1.40842100884862,-2.46083868310524,-1.42719442696058,2.50182342840534,-0.0731974161662177,-0.0332615638380148
"A279",-0.950104263242288,-1.33453606542968,-0.799141702146142,-1.40842100884862,-2.46083868310524,-1.42719442696058,2.50182342840534,-0.0731974161662177,0.144255594404025
"A280",-0.950104263242288,-1.33453606542968,-0.799141702146142,-1.40842100884862,-2.46083868310524,-1.42719442696058,2.50182342840534,-0.0731974161662177,-0.048342667547073
"A281",-1.07691331095293,-1.31423830738982,-0.787451273958173,-1.07943592078775,-2.87415964933157,0.901598074041711,0.49250532840188,-0.0731974161662177,-0.0561974090622075
"A282",-0.950104263242288,-1.33453606542968,-0.799141702146142,-1.40842100884862,-2.37473014847476,-1.24334238740777,2.50182342840534,-0.0731974161662177,0.187299577906962
"A283",-1.04068215446417,-1.30174737936528,-0.783823210037769,-1.23296229521616,-2.52972551080963,0.411325968567544,-0.0098241965989858,-0.0731974161662177,-0.201824316752801
"A284",-0.678370589576631,-1.62807287400622,-2.13346298842807,-1.27682697362427,-1.73752699220917,-0.56921824238079,-0.512153721599851,-0.0731974161662177,-0.184543885419505
"A285",-0.986335419731042,-1.65461609605836,-2.14515341661604,-0.596924458298464,-1.96140918224843,0.104905902646189,2.22275147007153,-0.0731974161662177,0.17897355190092
"A286",0.589719887529766,0.918515076995552,-0.548805291638264,0.719015893945039,0.77684221900098,-0.262798176459436,1.27390681173656,-0.0731974161662177,-0.201824316752801
"A287",0.100599274931584,1.12773812140649,-0.444397674373304,0.762880572353155,-1.08310212901749,2.80140248275411,1.99949390340447,0.602571586654042,-0.201824316752801
"A288",0.17306158790909,-0.104179655013131,-0.294437698996604,-0.00475129978888769,0.55296002896172,0.288757942199002,-0.735411288266902,-0.0731974161662177,-0.201824316752801
"A289",0.17306158790909,-0.104179655013131,-0.294437698996604,-0.00475129978888769,0.914615874409755,-0.753070281933603,-1.23774081326777,-0.0731974161662177,-0.201824316752801
"A290",0.17306158790909,-0.104179655013131,-0.294437698996604,-0.00475129978888769,0.931837581335852,-0.875638308302145,-1.23774081326777,-0.0731974161662177,-0.201824316752801
"A291",0.17306158790909,-0.104179655013131,-0.294437698996604,-0.00475129978888769,-0.0325780065255759,0.533893994936085,-1.23774081326777,-0.0731974161662177,-0.201824316752801
"A292",0.17306158790909,-0.104179655013131,-0.294437698996604,-0.00475129978888769,1.10405465059682,-0.324082189643707,-1.74007033826863,-0.0731974161662177,-0.0761484525106492
"A293",0.17306158790909,-0.166634295135799,-0.329105865347131,-0.596924458298464,0.690733684370495,-0.262798176459436,-1.51681277160158,-0.0731974161662177,-0.160351281552891
"A294",0.444795261574747,1.08558123932369,-0.472212831096401,0.43389548429228,1.37960196141437,-0.998206334670687,0.771577286735693,-0.0731974161662177,1.15626049121395
"A295",0.299870635619731,-0.344630019485402,-0.4314978915452,-0.11441299580918,-0.308125317343126,1.39187017951588,-0.233081763266037,-0.0731974161662177,-0.0986130132439338
"A296",0.444795261574747,1.08558123932369,-0.472212831096401,0.43389548429228,0.570181735887817,0.227473929014731,-1.51681277160158,-0.0731974161662177,-0.201824316752801
"A297",-0.0443253510234328,-0.333700457463935,-1.03657832982592,-0.574992119094405,-0.79033311127384,0.104905902646189,-1.23774081326777,-0.0731974161662177,-0.187685782025559
"A298",-0.0443253510234328,-0.333700457463935,-1.03657832982592,-0.574992119094405,-0.600894335086774,0.0436218894619184,-1.01448324660072,-0.0731974161662177,-0.201824316752801
"A299",0.100599274931584,0.576575922323946,-0.68828419346713,0.806745250761272,0.122417355809297,-0.0789461369066234,0.49250532840188,-0.0731974161662177,-0.201824316752801
"A300",-6.74708930144296,-0.622553168031273,-1.2663557114515,-1.89093247133791,-1.42753626753943,2.80140248275411,-0.735411288266902,-0.0731974161662177,-0.201824316752801
"A301",-0.0443253510234328,-0.274368549347401,-1.00715070024931,-0.333736387849763,0.311856131996363,-1.1820583742235,0.49250532840188,-0.0731974161662177,-0.201824316752801
"A302",-0.0443253510234328,-0.274368549347401,-1.00715070024931,-0.333736387849763,0.0363088211788122,-0.324082189643707,0.771577286735693,-0.0731974161662177,-0.146526936486254
"A303",0.0824836966872049,-0.261877621322867,-1.27320872107893,-0.421465744665997,0.0535305281049088,-0.385366202827978,0.269247761734828,-0.0731974161662177,-0.201824316752801
"A304",0.0824836966872049,-0.261877621322867,-1.27320872107893,-0.421465744665997,0.0535305281049088,-0.385366202827978,0.269247761734828,-0.0731974161662177,-0.201824316752801
"A305",-1.00445099797542,-1.29394054934995,-1.75009756750537,-1.2110299560121,-1.30698431905675,3.04653853549119,0.49250532840188,-0.0731974161662177,-0.201824316752801
"A306",-0.189249976978452,-0.418014221629536,0.670627303830867,-0.728518493522814,0.019087114252715,0.472609981751815,-1.01448324660072,-0.0731974161662177,-0.201824316752801
"A307",-0.189249976978452,-0.418014221629536,0.670627303830867,-0.728518493522814,-0.308125317343126,0.533893994936085,0.771577286735693,-0.0731974161662177,-0.195383428710391
"A308",-0.189249976978452,-0.418014221629536,0.670627303830867,-0.728518493522814,0.845729046705368,-0.56921824238079,-0.233081763266037,-0.0731974161662177,-0.120449194656008
"A309",0.317986213864109,-0.0791977989640642,0.84719308129053,0.192639753047638,-0.497564093530193,0.0436218894619184,-1.23774081326777,-0.0731974161662177,-0.201824316752801
"A310",0.317986213864109,-0.0791977989640642,0.84719308129053,0.192639753047638,1.03516782289243,-1.05949034785496,-1.01448324660072,-0.0731974161662177,-0.201824316752801
"A311",0.317986213864109,-0.0791977989640642,0.84719308129053,0.192639753047638,1.10405465059682,-1.05949034785496,-0.735411288266902,-0.0731974161662177,-0.201824316752801
"A312",0.317986213864109,-0.0791977989640642,0.84719308129053,0.192639753047638,1.01794611596634,-0.998206334670687,-1.23774081326777,-0.0731974161662177,0.0226641957497429
"A313",-7.29055664877427,-1.00977193679181,0.639587201400744,-1.89093247133791,-1.15198895672188,2.06599432454286,1.27390681173656,-0.0731974161662177,-0.201824316752801
"A314",0.354217370352861,0.0706933373303383,0.923785541832392,-0.0486159781970043,0.931837581335852,-1.05949034785496,0.49250532840188,-0.0731974161662177,-0.201824316752801
"A315",0.354217370352861,0.0706933373303383,0.923785541832392,-0.0486159781970043,0.139639062735393,-0.201514163275165,-1.23774081326777,-0.0731974161662177,-0.177003333564976
"A316",0.100599274931584,0.37203697592221,1.0866453000372,-0.399533405461938,-0.0670214203777696,-0.875638308302145,-0.735411288266902,-0.0731974161662177,-0.201824316752801
"A317",0.317986213864109,-0.229088935258467,0.771809975388801,-0.0924806566051212,-0.0497997134516725,-1.24334238740777,0.994834853402744,-0.0731974161662177,-0.201824316752801
"A318",0.317986213864109,-0.229088935258467,0.771809975388801,-0.0924806566051212,0.0535305281049088,-1.24334238740777,0.49250532840188,-0.0731974161662177,-0.142442470898384
"A319",0.390448526841616,0.126902513440739,0.949585107488599,-0.333736387849763,0.466851494331235,-1.05949034785496,-1.01448324660072,-0.0731974161662177,-0.201824316752801
"A320",0.390448526841616,0.126902513440739,0.949585107488599,-0.333736387849763,0.466851494331235,-0.998206334670687,1.27390681173656,-0.0731974161662177,-0.132545496589315
"A321",0.390448526841616,0.126902513440739,0.949585107488599,-0.333736387849763,0.00186540732661784,-0.630502255565061,1.77623633673742,-0.0731974161662177,0.337953520167242
"A322",0.390448526841616,0.126902513440739,0.949585107488599,-0.333736387849763,-0.359790438121417,-0.998206334670687,-0.0098241965989858,-0.0731974161662177,-0.0885589441045617
"A323",0.390448526841616,0.126902513440739,0.949585107488599,-0.333736387849763,-0.359790438121417,-0.998206334670687,-0.0098241965989858,-0.0731974161662177,-0.18595773889223
"A324",0.010021383709698,0.406387027989677,1.10801056534624,-0.487262762278172,-1.0314370082392,-0.324082189643707,-0.735411288266902,-0.0731974161662177,-0.167577643746815
"A325",-0.460983650644108,-0.898914950574077,0.721420198716523,-0.794315511134989,-0.893663352830422,0.717746034488898,-1.23774081326777,-0.0731974161662177,-0.132388401759012
"A326",0.281755057375355,-0.133845609071398,0.820587279207567,-0.136345335013238,0.914615874409755,-1.05949034785496,-0.512153721599851,-0.0731974161662177,-0.201824316752801
"A327",0.281755057375355,-0.133845609071398,0.820587279207567,-0.136345335013238,0.897394167483659,-1.05949034785496,-0.512153721599851,-0.0731974161662177,-0.201824316752801
"A328",0.281755057375355,-0.133845609071398,0.820587279207567,-0.136345335013238,0.397964666626847,-0.753070281933603,-1.01448324660072,-0.0731974161662177,-0.201824316752801
"A329",0.281755057375355,-0.133845609071398,0.820587279207567,-0.136345335013238,0.139639062735393,-0.56921824238079,-1.23774081326777,-0.0731974161662177,-0.201824316752801
"A330",0.281755057375355,-0.133845609071398,0.820587279207567,-0.136345335013238,0.794063925927077,-1.05949034785496,-0.0098241965989858,-0.0731974161662177,-0.149511738262005
"A331",0.281755057375355,-0.133845609071398,0.820587279207567,-0.136345335013238,0.914615874409755,-1.05949034785496,-0.512153721599851,-0.0731974161662177,-0.0984559184136311
"A332",0.100599274931584,0.211216277606341,0.997153056667229,-0.11441299580918,0.449629787405138,-0.998206334670687,0.269247761734828,-0.0731974161662177,0.0438719978406061
"A333",0.100599274931584,0.211216277606341,0.997153056667229,-0.11441299580918,-0.308125317343126,-0.201514163275165,-1.01448324660072,-0.0731974161662177,-0.0255639171531829
"A334",0.263639479130976,-0.361805045519135,0.698039342340586,0.104910396231404,-0.135908248082157,0.595178008120356,-0.512153721599851,-0.0731974161662177,-0.168363117898328
"A335",0.17306158790909,-0.0386022828843301,0.870977055879845,-0.618856797502522,-0.153129955008254,0.411325968567544,0.771577286735693,-0.0731974161662177,-0.201824316752801
"A336",0.17306158790909,-0.0386022828843301,0.870977055879845,-0.618856797502522,-1.5653099229482,2.55626643001702,-1.23774081326777,-0.0731974161662177,-0.201824316752801
"A337",0.17306158790909,-0.0386022828843301,0.870977055879845,-0.618856797502522,0.0707522350310059,-0.0176621237223525,-1.01448324660072,-0.0731974161662177,-0.201824316752801
"A338",0.17306158790909,-0.0386022828843301,0.870977055879845,-0.618856797502522,0.707955391296592,-0.630502255565061,-1.01448324660072,-0.0731974161662177,0.678535112263474
"A339",0.17306158790909,-0.0386022828843301,0.870977055879845,-0.618856797502522,0.656290270518301,-0.56921824238079,-1.01448324660072,-0.0731974161662177,-0.084317383686389
"A340",0.17306158790909,-0.0386022828843301,0.870977055879845,-0.618856797502522,0.260191011218072,-0.201514163275165,-1.23774081326777,-0.0731974161662177,-0.178731376698306
"A341",0.17306158790909,-0.0386022828843301,0.870977055879845,-0.618856797502522,0.0707522350310059,-0.0176621237223525,-1.01448324660072,-0.0731974161662177,-0.140086048443844
"A342",0.227408322642224,0.0129227952168707,0.896373503322673,-0.553059779890347,-0.549229214308484,0.411325968567544,-1.01448324660072,-0.0731974161662177,-0.201824316752801
"A343",0.154946009664714,0.300214139781142,1.04472100584586,-0.333736387849763,0.294634425070266,-0.446650216012249,-1.23774081326777,-0.0731974161662177,-0.201824316752801
"A344",0.154946009664714,0.300214139781142,1.04472100584586,-0.333736387849763,-0.51478580045629,0.411325968567544,0.269247761734828,-0.0731974161662177,-0.167577643746815
"A345",0.154946009664714,0.300214139781142,1.04472100584586,-0.333736387849763,-1.15198895672188,1.33058616633161,0.49250532840188,-0.0731974161662177,-0.10599647026816
"A346",0.154946009664714,0.300214139781142,1.04472100584586,-0.333736387849763,-0.359790438121417,-0.0789461369066234,-0.512153721599851,-0.0731974161662177,-0.110238030686333
"A347",0.154946009664714,0.300214139781142,1.04472100584586,-0.333736387849763,0.415186373552945,-0.56921824238079,-1.01448324660072,-0.0731974161662177,0.241026009870482
"A348",0.263639479130976,-0.185370687172599,0.795593949978116,0.126842735435462,-1.51364480216991,1.88214228499004,-0.233081763266037,-0.0731974161662177,-0.201824316752801
"A349",0.263639479130976,-0.185370687172599,0.795593949978116,0.126842735435462,-0.256460196564836,0.779030047673169,0.269247761734828,-0.0731974161662177,-0.201824316752801
"A350",0.263639479130976,-0.185370687172599,0.795593949978116,0.126842735435462,-1.04865871516529,1.20801813996307,-0.233081763266037,-0.0731974161662177,-0.17606076458316
"A351",0.263639479130976,-0.185370687172599,0.795593949978116,0.126842735435462,-1.51364480216991,1.88214228499004,-0.233081763266037,-0.0731974161662177,-0.143542134710503
"A352",0.263639479130976,-0.185370687172599,0.795593949978116,0.126842735435462,-0.600894335086774,0.533893994936085,1.27390681173656,-0.0731974161662177,-0.0869879958015348
"A353",0.263639479130976,-0.185370687172599,0.795593949978116,0.126842735435462,0.294634425070266,-0.0789461369066234,-0.233081763266037,-0.0731974161662177,-0.169934066201355
"A354",0.263639479130976,-0.185370687172599,0.795593949978116,0.126842735435462,0.156860769661491,0.16618991583046,-0.735411288266902,-0.0731974161662177,-0.174804005940739
"A355",0.263639479130976,-0.185370687172599,0.795593949978116,0.126842735435462,-0.0325780065255759,0.350041955383273,-1.01448324660072,-0.0731974161662177,-0.108038703062095
"A356",0.263639479130976,-0.185370687172599,0.795593949978116,0.126842735435462,0.32907783892246,-0.56921824238079,0.49250532840188,-0.0731974161662177,0.00334153162251203
"A357",0.263639479130976,-0.185370687172599,0.795593949978116,0.126842735435462,0.32907783892246,-0.56921824238079,0.49250532840188,-0.0731974161662177,-0.182030368134662
"A358",0.336101792108485,0.17374349353274,0.974578436718049,0.258436770659813,-0.51478580045629,0.656462021304627,-0.233081763266037,-0.0731974161662177,-0.201824316752801
"A359",0.336101792108485,0.17374349353274,0.974578436718049,0.258436770659813,0.139639062735393,-0.324082189643707,-0.735411288266902,-0.0731974161662177,-0.201824316752801
"A360",0.336101792108485,0.17374349353274,0.974578436718049,0.258436770659813,0.380742959700751,-0.324082189643707,-1.01448324660072,-0.0731974161662177,-0.0742633145470169
"A361",0.336101792108485,0.17374349353274,0.974578436718049,0.258436770659813,-0.0842431273038668,-0.140230150090894,-1.01448324660072,-0.0731974161662177,-0.184700980249808
"A362",0.336101792108485,0.17374349353274,0.974578436718049,0.258436770659813,-0.273681903490933,0.0436218894619184,-0.0098241965989858,-0.0731974161662177,-0.139928953613541
"A363",-0.44286807239973,-0.86924899651581,0.743188582238947,0.56548951951663,-0.635337748938968,1.20801813996307,-0.512153721599851,-0.0731974161662177,-0.193655385577061
"A364",0.227408322642224,0.0129227952168707,0.896373503322673,-0.553059779890347,-0.51478580045629,0.533893994936085,-1.01448324660072,-0.0731974161662177,-0.155795531474113
"A365",0.227408322642224,0.0129227952168707,0.896373503322673,-0.553059779890347,0.380742959700751,-0.56921824238079,-0.735411288266902,-0.0731974161662177,-0.113065737631781
"A366",0.227408322642224,0.0129227952168707,0.896373503322673,-0.553059779890347,0.122417355809297,0.0436218894619184,-0.512153721599851,-0.0731974161662177,0.112836628343487
"A367",0.0824836966872049,0.334564191848609,1.06487691651477,0.762880572353155,-0.51478580045629,-0.385366202827978,0.771577286735693,-0.0731974161662177,-0.17433272144983
"A368",0.0824836966872049,0.334564191848609,1.06487691651477,0.762880572353155,-0.428677265825805,-1.05949034785496,-0.233081763266037,-0.0731974161662177,-0.201824316752801
"A369",0.100599274931584,-0.258754889316734,0.791965886057712,-0.136345335013238,-0.359790438121417,0.16618991583046,0.49250532840188,-0.0731974161662177,-0.00325645125020095
"A370",0.0643681184428288,2.58293123626465,1.11728228425394,-0.421465744665997,-0.876441645904325,2.00471031135859,1.99949390340447,-0.0731974161662177,-0.201824316752801
"A371",0.0643681184428288,2.58293123626465,1.11728228425394,-0.421465744665997,-0.876441645904325,2.00471031135859,1.99949390340447,-0.0731974161662177,-0.028077434438026
"A372",0.227408322642224,0.354861949888476,-0.110615793696133,-0.224074691829471,-0.807554818199938,0.84031406085744,-0.0098241965989858,-0.0731974161662177,-0.201824316752801
"A373",0.2455239008866,1.44157268802289,0.469874433568511,-0.202142352625413,-1.46197968139162,1.88214228499004,-1.74007033826863,-0.0731974161662177,-0.201824316752801
"A374",0.752760091729158,1.7413549606117,0.607337744330486,1.06993332120997,0.242969304291975,-0.140230150090894,-0.735411288266902,-0.0731974161662177,-0.201824316752801
"A375",-0.0624409292678114,2.79683837868478,1.23902398469416,-0.355668727053821,-1.47920138831772,2.06599432454286,-0.0098241965989858,-0.0731974161662177,0.0856592227011216
"A376",0.100599274931584,-0.258754889316734,0.791965886057712,-0.136345335013238,-0.600894335086774,0.779030047673169,0.49250532840188,-0.0731974161662177,0.416343840488284
"A377",0.263639479130976,1.50090459613943,0.502527008852147,-0.180210013421355,0.380742959700751,0.595178008120356,-1.01448324660072,-0.0731974161662177,-0.201824316752801
"A378",0.553488731041011,1.8771938028785,0.673852249537893,-0.136345335013238,0.518516615109526,-0.140230150090894,-1.01448324660072,-0.0731974161662177,2.54152270482308
"A379",0.0462525401984527,-1.43602485562902,-2.08549192103606,-0.224074691829471,-1.75474869913527,0.411325968567544,0.994834853402744,-0.0731974161662177,-0.201824316752801
"A380",-13.0331949522418,-1.71394800417489,-1.51790147659952,-1.97866182815414,-2.35750844154866,3.41424261459682,-1.74007033826863,-0.0731974161662177,-0.201824316752801
"A381",0.553488731041011,-0.149459269102065,-0.359339731350498,0.631286537128805,0.0707522350310059,-0.324082189643707,1.77623633673742,-0.0731974161662177,-0.0803900129288218
"A382",0.010021383709698,1.29948838174382,0.383204017692192,-0.487262762278172,-0.463120679677999,1.14673412677879,-0.735411288266902,-0.0731974161662177,0.0547115411314916
"A383",0.825222404706667,1.66797075846756,0.572669577979958,1.96915922857637,1.60348415145363,-0.936922321486416,-1.23774081326777,-0.0731974161662177,-0.109766746195425
"A384",0.17306158790909,2.14731012140904,0.829858998115266,-0.596924458298464,0.277412718144169,0.84031406085744,-0.735411288266902,-0.0731974161662177,0.471641220754831
"A385",0.17306158790909,2.54389708618798,1.09309519145125,-0.289871709441646,0.415186373552945,-0.0176621237223525,0.269247761734828,-0.0731974161662177,-0.0104828134441247
"A386",0.17306158790909,1.09963353335129,0.262268553678725,-0.311804048645705,0.346299545848556,0.350041955383273,-1.01448324660072,-0.0731974161662177,0.0495274117315029
"A387",-0.0262097727790567,-0.221282105243133,0.816556097073784,0.521624841108513,0.294634425070266,0.656462021304627,0.771577286735693,-0.0731974161662177,0.184471870961514
"A388",0.0462525401984527,-1.43602485562902,-2.08549192103606,-0.224074691829471,-1.25531919827846,0.227473929014731,0.771577286735693,-0.0731974161662177,-0.201824316752801
"A389",0.752760091729158,1.81317779675277,0.639990319614122,0.653218876332863,0.759620512074883,-0.630502255565061,-0.512153721599851,-0.0731974161662177,0.24966622553713
"A390",0.752760091729158,1.81317779675277,0.639990319614122,0.653218876332863,0.759620512074883,-0.630502255565061,-0.512153721599851,-0.0731974161662177,-0.201824316752801
"A391",-1.07691331095293,-1.58279325991729,-1.97382817593029,-1.07943592078775,-1.96140918224843,1.63700623225296,1.27390681173656,-0.0731974161662177,-0.0453578657713219
"A392",0.0824836966872049,-0.305595869408735,0.766569438614884,-0.399533405461938,0.311856131996363,0.104905902646189,-0.735411288266902,-0.0731974161662177,0.272287881100717
"A393",0.0643681184428288,2.58293123626465,1.11728228425394,-0.421465744665997,0.518516615109526,-0.0789461369066234,-0.0098241965989858,-0.0731974161662177,0.909778702469034
"A394",0.49914199630788,-1.49691812974862,-2.10564783170497,0.521624841108513,-0.635337748938968,-1.54976245332912,1.99949390340447,-0.0731974161662177,-0.201824316752801
"A395",-1.18560678041919,-1.65930019406756,-2.02058988868216,-1.49615036566486,-2.34028673462256,1.45315419270015,-1.23774081326777,-0.0731974161662177,-0.201824316752801
"A396",-1.0225665762198,-1.59060008993262,-1.97947183091758,-1.2110299560121,-1.51364480216991,1.08545011359452,-1.23774081326777,-0.0731974161662177,0.611612714554528
"A397",-0.0262097727790567,-0.221282105243133,0.816556097073784,0.521624841108513,0.260191011218072,0.656462021304627,0.49250532840188,-0.0731974161662177,-0.144641798522622
"A398",0.17306158790909,1.09963353335129,0.262268553678725,-0.311804048645705,0.931837581335852,-0.691786268749332,-0.233081763266037,-0.0731974161662177,-0.144798893352925
"A399",0.553488731041011,1.8771938028785,0.673852249537893,-0.136345335013238,1.2073848921534,-0.753070281933603,-0.512153721599851,-0.0731974161662177,-0.201824316752801
"A400",0.481026418063502,-0.958246858690612,-1.00876317310282,1.09186566041403,1.56904073760144,-0.630502255565061,0.269247761734828,-0.0731974161662177,-0.201824316752801
"A401",0.481026418063502,-0.958246858690612,-1.00876317310282,1.09186566041403,1.56904073760144,-0.630502255565061,0.269247761734828,-0.0731974161662177,-0.0736349352258061
"A402",0.0824836966872049,-0.353998215503802,0.740769872958678,-0.158277674217296,0.673511977444399,0.104905902646189,-0.0098241965989858,-0.0731974161662177,-0.12406237575297
"A403",0.752760091729158,1.81317779675277,0.639990319614122,0.653218876332863,1.05238952981853,-0.50793422919652,-0.0098241965989858,-0.0731974161662177,-0.201824316752801
"A404",0.010021383709698,1.29948838174382,0.383204017692192,-0.487262762278172,0.415186373552945,-0.201514163275165,-0.233081763266037,-0.0731974161662177,-0.201824316752801
"A405",-0.49721480713286,-0.407084659608069,0.714164070875715,-1.16716527760398,0.501294908183429,-0.630502255565061,-1.01448324660072,-0.0731974161662177,-0.106939039249976
"A406",0.716528935240403,1.58053426229583,0.53598582056254,0.104910396231404,1.55181903067534,-1.05949034785496,-1.01448324660072,-0.0731974161662177,-0.201824316752801
"A407",-0.642139433087879,2.81713613672465,1.26038925000321,-1.10136825999181,-0.325347024269224,1.39187017951588,0.49250532840188,-0.0731974161662177,-0.139771858783239
"A408",-1.07691331095293,-1.60309101795716,-1.98713107697177,-1.34262399123645,-0.807554818199938,0.104905902646189,-0.0098241965989858,-0.0731974161662177,-0.201824316752801
"A409",-0.0624409292678114,2.79683837868478,1.23902398469416,-0.355668727053821,0.174082476587587,-0.0176621237223525,-0.512153721599851,-0.0731974161662177,-0.079290349116703
"A410",0.299870635619731,-0.229088935258467,-0.394007897701026,0.675151215536922,0.77684221900098,-0.814354295117874,0.771577286735693,-0.0731974161662177,-0.201824316752801
"A411",-1.18560678041919,-1.61714331198476,-1.99599967766609,-1.38648866964456,-0.721446283569453,-0.140230150090894,-0.735411288266902,-0.0731974161662177,-0.201824316752801
"A412",-1.09502888919731,-1.68115931811049,-2.03308655329689,-1.25489463442021,-1.84085723376575,0.533893994936085,3.0041529534062,-0.0731974161662177,-0.129246505152958
"A413",0.299870635619731,-0.293104941384201,-0.426660472984662,0.170707413843579,0.673511977444399,-1.05949034785496,0.269247761734828,-0.0731974161662177,-0.176217859413463
"A414",0.553488731041011,1.8771938028785,0.673852249537893,-0.136345335013238,1.29349342678389,-0.691786268749332,-0.233081763266037,-0.0731974161662177,-0.201824316752801
"A415",0.535373152796632,1.93964844300117,0.706101706608151,0.236504431455754,0.897394167483659,0.350041955383273,-0.0098241965989858,-0.0731974161662177,-0.201824316752801
"A416",0.752760091729158,1.7413549606117,0.607337744330486,1.06993332120997,1.48293220297095,-1.05949034785496,0.49250532840188,-0.0731974161662177,11.5218486790764
"A417",0.37233294859724,0.831078580823817,0.112308578302025,-0.026683638992946,1.27627171985779,-0.324082189643707,-0.512153721599851,-0.0731974161662177,-0.0915437458803128
"A418",0.49914199630788,-1.46100671167809,-2.09476363994376,0.192639753047638,-0.876441645904325,-1.24334238740777,0.994834853402744,-0.0731974161662177,-0.201824316752801
"A419",0.2455239008866,1.44157268802289,0.469874433568511,-0.202142352625413,1.03516782289243,-0.140230150090894,0.771577286735693,-0.0731974161662177,-0.163493178158945
"A420",0.17306158790909,1.09963353335129,0.262268553678725,-0.311804048645705,1.01794611596634,-0.50793422919652,-0.0098241965989858,-0.0731974161662177,-0.153910393510481
"A421",0.191177166153469,1.25733149966102,0.354582624542338,-0.267939370237588,1.25905001293169,-0.50793422919652,0.269247761734828,-0.0731974161662177,2.71636925094997
"A422",0.825222404706667,1.66797075846756,0.572669577979958,1.96915922857637,2.05124853153215,-1.54976245332912,0.269247761734828,-0.0731974161662177,-0.201824316752801
"A423",-0.316059024689089,2.37683092385984,0.999571765947498,-0.838180189543106,1.7929229276407,-1.05949034785496,-0.233081763266037,-0.0731974161662177,-0.102854573662106
"A424",0.100599274931584,-0.258754889316734,0.791965886057712,-0.136345335013238,0.587403442813914,0.227473929014731,-0.0098241965989858,-0.0731974161662177,-0.190513488971008
"A425",0.553488731041011,1.8771938028785,0.673852249537893,-0.136345335013238,1.37960196141437,-0.814354295117874,-0.233081763266037,-0.0731974161662177,-0.123905280922667
"A426",0.17306158790909,2.14731012140904,0.829858998115266,-0.596924458298464,0.260191011218072,0.717746034488898,-1.01448324660072,-0.0731974161662177,-0.201824316752801
"A427",0.17306158790909,2.14731012140904,0.829858998115266,-0.596924458298464,0.260191011218072,0.717746034488898,-1.01448324660072,-0.0731974161662177,-0.201824316752801
"A428",0.263639479130976,1.50090459613943,0.502527008852147,-0.180210013421355,1.55181903067534,-0.691786268749332,-1.01448324660072,-0.0731974161662177,-0.164907031631669
"A429",0.752760091729158,1.7413549606117,0.607337744330486,1.06993332120997,1.25905001293169,-0.630502255565061,0.994834853402744,-0.0731974161662177,-0.201824316752801
"A430",0.17306158790909,1.09963353335129,0.262268553678725,-0.311804048645705,0.983502702114143,-0.0176621237223525,-0.0098241965989858,-0.0731974161662177,-0.15155397105594
"A431",-0.171134398734073,2.75312013059891,1.21483689189147,-0.487262762278172,0.0879739419571025,0.0436218894619184,-0.233081763266037,-0.0731974161662177,-0.201824316752801
"A432",0.263639479130976,1.04810845525009,0.231228451248601,0.126842735435462,0.759620512074883,-0.262798176459436,-0.0098241965989858,-0.0731974161662177,-0.10191200468029
"A433",0.752760091729158,1.7413549606117,0.607337744330486,1.06993332120997,0.862950753631464,-0.385366202827978,1.49716437840361,-0.0731974161662177,-0.201824316752801
"A434",0.535373152796632,1.93964844300117,0.706101706608151,0.236504431455754,0.346299545848556,1.33058616633161,0.49250532840188,-0.0731974161662177,0.0391591529315254
"A435",-0.00809419453468063,2.48144244606531,1.06124885259437,-0.77238317193093,0.570181735887817,0.0436218894619184,-0.233081763266037,-0.0731974161662177,-0.201824316752801
"A436",0.0281369619540741,-0.408646025611136,-0.690702902747399,-0.750450832726872,0.845729046705368,0.411325968567544,-1.23774081326777,-0.0731974161662177,-0.201824316752801
"A437",0.263639479130976,1.50090459613943,0.502527008852147,-0.180210013421355,1.36238025448828,-0.56921824238079,-1.51681277160158,-0.0731974161662177,-0.193341195916456
"A438",-0.225481133467204,2.22850115356851,0.888714257268487,0.148775074639521,-0.807554818199938,1.7595742586215,-0.735411288266902,-0.0731974161662177,-0.201824316752801
"A439",0.553488731041011,1.8771938028785,0.673852249537893,-0.136345335013238,0.811285632853174,0.533893994936085,-0.0098241965989858,-0.0731974161662177,-0.100812340868172
"A440",0.0824836966872049,-0.305595869408735,0.766569438614884,-0.399533405461938,0.0363088211788122,0.104905902646189,-1.01448324660072,-0.0731974161662177,-0.196640187352812
"A441",-0.0624409292678114,2.79683837868478,1.23902398469416,-0.355668727053821,-0.463120679677999,0.84031406085744,-0.233081763266037,-0.0731974161662177,-0.201824316752801
"A442",0.263639479130976,1.50090459613943,0.502527008852147,-0.180210013421355,1.13849806444902,-0.936922321486416,-1.23774081326777,-0.0731974161662177,-0.18250165262557
"A443",-0.49721480713286,-1.34234289544502,-2.04114891756445,-1.16716527760398,-1.37587114676114,1.20801813996307,-0.512153721599851,-0.0731974161662177,-0.1491975486014
"A444",0.010021383709698,-0.46797793372767,-0.724161714457792,1.70597115812767,-0.704224576643356,2.06599432454286,2.22275147007153,-0.0731974161662177,-0.201824316752801
"A445",-0.0624409292678114,2.79683837868478,1.23902398469416,-0.355668727053821,-0.463120679677999,0.84031406085744,-0.233081763266037,-0.0731974161662177,-0.0453578657713219
"A446",0.607835465774142,-0.983228714739679,-1.80290605345792,0.368098466680104,-0.273681903490933,2.1885623509114,0.269247761734828,-0.0731974161662177,-0.201824316752801
"A447",0.2455239008866,1.44157268802289,0.469874433568511,-0.202142352625413,0.0363088211788122,1.57572221906869,-1.01448324660072,-0.0731974161662177,-0.201824316752801
"A448",0.49914199630788,-1.46100671167809,-2.09476363994376,0.192639753047638,-1.72030528528307,-0.56921824238079,2.22275147007153,-0.0731974161662177,-0.201824316752801
"A449",-0.171134398734073,2.71720871252838,1.19347162658242,0.236504431455754,-1.44475797446552,2.00471031135859,-0.0098241965989858,-0.0731974161662177,-0.201824316752801
"A450",0.17306158790909,1.09963353335129,0.262268553678725,-0.311804048645705,0.0707522350310059,1.02416610041025,0.49250532840188,-0.0731974161662177,-0.201824316752801
"A451",0.825222404706667,1.66797075846756,0.572669577979958,1.96915922857637,0.77684221900098,0.288757942199002,0.771577286735693,-0.0731974161662177,-0.100812340868172
"A452",-0.0262097727790567,1.34164526382663,0.41101917441529,1.59630946210737,-1.22087578442626,2.67883445638557,0.49250532840188,-0.0731974161662177,-0.0492852365288891
"A453",0.154946009664714,1.98805078909624,0.736335572611518,-0.333736387849763,-0.204795075786545,1.26930215314734,-0.0098241965989858,-0.0731974161662177,-0.201824316752801
"A454",-0.225481133467204,2.42523326995491,1.02940251373749,-0.750450832726872,-0.256460196564836,0.595178008120356,-0.512153721599851,-0.0731974161662177,-0.201824316752801
"A455",0.17306158790909,2.14731012140904,0.829858998115266,-0.596924458298464,-0.359790438121417,0.717746034488898,-0.512153721599851,-0.0731974161662177,-0.201824316752801
"A456",0.716528935240403,0.767062574698083,0.077640411951498,1.68403881892361,-0.170351661934351,0.227473929014731,-0.735411288266902,-0.0731974161662177,-0.201824316752801
"A457",0.17306158790909,2.14731012140904,0.829858998115266,-0.596924458298464,-0.394233851973611,0.901598074041711,-0.735411288266902,-0.0731974161662177,-0.201824316752801
"A458",0.191177166153469,1.25733149966102,0.354582624542338,-0.267939370237588,0.174082476587587,0.350041955383273,-0.0098241965989858,-0.0731974161662177,1.09813540400196
"A459",0.553488731041011,1.8771938028785,0.673852249537893,-0.136345335013238,0.00186540732661784,1.20801813996307,0.49250532840188,-0.0731974161662177,-0.149668833092308
"A460",0.17306158790909,2.54389708618798,1.09309519145125,-0.289871709441646,-0.583672628160678,1.69829024543723,2.22275147007153,-0.0731974161662177,-0.171347919674079
"A461",0.553488731041011,1.8771938028785,0.673852249537893,-0.136345335013238,0.00186540732661784,1.20801813996307,0.49250532840188,-0.0731974161662177,-0.201824316752801
"A462",0.553488731041011,1.8771938028785,0.673852249537893,-0.136345335013238,0.00186540732661784,1.20801813996307,0.49250532840188,-0.0731974161662177,-0.201824316752801
"A463",0.0643681184428288,2.58293123626465,1.11728228425394,-0.421465744665997,-0.755889697421647,1.94342629817432,1.99949390340447,-0.0731974161662177,-0.143542134710503
"A464",-2.81600882241313,-1.66242292607369,-2.14354094376252,-1.56194738327703,-2.46083868310524,2.31113037727994,1.27390681173656,-0.0731974161662177,-0.117150203219651
"A465",-2.81600882241313,-1.66242292607369,-2.14354094376252,-1.56194738327703,-2.37473014847476,2.00471031135859,0.771577286735693,-0.0731974161662177,-0.168206023068026
"A466",-2.01892337966054,-1.67491385409822,-2.14716900768293,-1.58387972248109,-2.46083868310524,0.901598074041711,-1.74007033826863,-0.0731974161662177,-0.0943714528257612
"A467",-0.6240238548435,-1.49535676374555,-2.06009547359323,-0.421465744665997,-1.49642309524381,0.0436218894619184,0.994834853402744,-0.0731974161662177,-0.151868160716546
"A468",-0.0805565075121875,-1.44227031964129,-2.04316450863134,-0.37760106625788,-1.32420602598285,-0.201514163275165,0.771577286735693,-0.0731974161662177,-0.114636685934808
"A469",0.11871485317596,-1.40948163357689,-2.03348967151027,-0.11441299580918,-0.96255018053481,-1.05949034785496,-0.233081763266037,-0.0731974161662177,-0.0979846339227231
"A470",0.0643681184428288,-1.50316359376089,-2.10564783170497,0.719015893945039,-0.893663352830422,-0.691786268749332,3.0041529534062,-0.0731974161662177,0.758496380887543
"A471",0.0643681184428288,-1.50316359376089,-2.10564783170497,0.719015893945039,-0.222016782712642,-1.05949034785496,0.994834853402744,-0.0731974161662177,-0.201824316752801
"A472",-0.189249976978452,-1.33453606542968,-1.91174797107004,-0.728518493522814,-0.153129955008254,-0.262798176459436,-0.0098241965989858,-0.0731974161662177,0.40267659025195
"A473",-0.44286807239973,-0.229088935258467,-1.28570538569366,-0.947841885563397,-0.79033311127384,2.12727833772713,-0.0098241965989858,-0.0731974161662177,-0.171347919674079
"A474",-0.0262097727790567,-0.777128402334875,-1.1905694873364,0.0829780570273459,0.966280995188046,0.350041955383273,-0.512153721599851,-0.0731974161662177,0.902866529935715
"A475",0.426679683330371,-0.110425119025398,-0.932170712560956,0.390030805884163,1.29349342678389,-0.56921824238079,-0.735411288266902,-0.0731974161662177,-0.0434727278076896
"A476",0.553488731041011,0.16905939552354,-0.797126111079251,1.96915922857637,0.656290270518301,-0.262798176459436,3.0041529534062,-0.0731974161662177,-0.151711065886243
"A477",0.517257574552256,-0.399277829592736,-0.616529151485806,0.192639753047638,1.43126708219266,-0.998206334670687,-1.51681277160158,-0.0731974161662177,-0.174175626619528
"A478",0.553488731041011,-0.149459269102065,-0.50204357888639,1.24539203484244,1.2418283060056,0.0436218894619184,-0.0098241965989858,-0.0731974161662177,-0.0862025216500213
"A479",0.553488731041011,-0.149459269102065,-0.50204357888639,1.24539203484244,-0.118686541156061,2.31113037727994,0.269247761734828,-0.0731974161662177,-0.167106359255907
"A480",-0.261712289955958,-0.108863753022331,-0.468987885389375,-0.574992119094405,0.639068563592205,0.779030047673169,0.49250532840188,-0.0731974161662177,4.17373799166803
"A481",0.462910839819125,0.0550796772996714,0.0486159005882656,0.104910396231404,1.94791828997557,-1.1820583742235,0.269247761734828,-0.0731974161662177,-0.158623238419561
"A482",0.462910839819125,0.0550796772996714,0.0486159005882656,0.104910396231404,1.94791828997557,-1.36591041377631,0.49250532840188,-0.0731974161662177,-0.201824316752801
"A483",0.770875669973537,0.303336871787275,0.157860936413765,1.11379799961809,0.77684221900098,-0.262798176459436,0.994834853402744,-0.0731974161662177,-0.181559083643754
"A484",0.770875669973537,0.303336871787275,0.157860936413765,1.11379799961809,2.08569194538435,-1.05949034785496,0.771577286735693,-0.0731974161662177,-0.201824316752801
"A485",0.770875669973537,0.303336871787275,0.157860936413765,1.11379799961809,2.44734779083238,-1.1820583742235,-0.0098241965989858,-0.0731974161662177,0.213377319737209
"A486",0.788991248217913,0.384527903946743,0.194947812044561,2.69292642231029,2.01680511767996,-0.998206334670687,-0.233081763266037,-0.0731974161662177,-0.169305686880144
"A487",0.807106826462289,0.475087132124612,0.233244042315492,1.90336221096419,0.897394167483659,-0.0789461369066234,1.27390681173656,-0.0731974161662177,-0.170405350692263
"A488",0.807106826462289,0.475087132124612,0.233244042315492,1.90336221096419,1.29349342678389,-0.630502255565061,-0.233081763266037,-0.0731974161662177,0.0558112049436105
"A489",0.807106826462289,0.475087132124612,0.233244042315492,1.90336221096419,0.0879739419571025,1.63700623225296,1.99949390340447,-0.0731974161662177,0.531808540760762
"A490",0.807106826462289,0.475087132124612,0.233244042315492,1.90336221096419,0.294634425070266,0.84031406085744,-1.51681277160158,-0.0731974161662177,-0.201824316752801
"A491",0.807106826462289,0.475087132124612,0.233244042315492,1.90336221096419,1.68959268608412,-0.691786268749332,-0.0098241965989858,-0.0731974161662177,-0.201824316752801
"A492",0.933915874172929,0.642153294452747,0.307014675363708,1.04800098200591,2.3267958423497,-1.42719442696058,0.269247761734828,-0.0731974161662177,-0.201824316752801
"A493",0.952031452417308,0.735835254636749,0.345310905634639,0.499692501904455,2.3267958423497,-1.05949034785496,-1.01448324660072,-0.0731974161662177,-0.201824316752801
"A494",0.952031452417308,0.735835254636749,0.345310905634639,0.499692501904455,1.48293220297095,-0.936922321486416,0.269247761734828,-0.0731974161662177,0.478710488118452
"A495",0.970147030661684,0.82951721482075,0.383204017692192,1.09186566041403,2.05124853153215,-0.875638308302145,0.49250532840188,-0.0731974161662177,-0.0668798575227905
"A496",1.00637818715044,1.00907430517342,0.458990241807298,1.70597115812767,0.862950753631464,-0.140230150090894,-1.01448324660072,-0.0731974161662177,-0.201824316752801
"A497",1.00637818715044,1.00907430517342,0.458990241807298,1.70597115812767,2.3612392562019,-1.12077436103923,-0.512153721599851,-0.0731974161662177,-0.158309048758956
"A498",0.98826260890606,1.09651080134515,0.496883353864852,1.15766267802621,2.30957413542361,-1.05949034785496,-1.01448324660072,-0.0731974161662177,0.0287908941315478
"A499",0.98826260890606,1.09651080134515,0.496883353864852,1.15766267802621,2.48179120468458,-1.12077436103923,-0.735411288266902,-0.0731974161662177,0.435038125294304
"A500",0.98826260890606,1.09651080134515,0.496883353864852,1.15766267802621,1.44848878911876,1.14673412677879,0.49250532840188,21.5514106740821,-0.0318477103652905
"A501",0.98826260890606,1.09651080134515,0.496883353864852,1.15766267802621,0.466851494331235,1.26930215314734,0.49250532840188,2.62987859511482,-0.201824316752801
"A502",0.98826260890606,1.09651080134515,0.496883353864852,1.15766267802621,0.466851494331235,1.26930215314734,0.49250532840188,2.62987859511482,-0.201824316752801
"A503",0.98826260890606,1.09651080134515,0.496883353864852,1.15766267802621,0.311856131996363,1.51443820588442,0.49250532840188,1.2783405894743,-0.201824316752801
"A504",0.698413356996027,0.445421178066344,0.569041514059554,2.40780601265753,1.7757012207146,-0.875638308302145,0.49250532840188,-0.0731974161662177,-0.171190824843777
"A505",0.698413356996027,0.445421178066344,0.569041514059554,2.40780601265753,1.72403609993631,-0.936922321486416,0.49250532840188,-0.0731974161662177,0.577208946718239
"A506",0.0643681184428288,0.817026286796217,0.791965886057712,0.236504431455754,1.34515854756218,-0.56921824238079,-1.23774081326777,-0.0731974161662177,-0.110709315177241
"A507",0.0643681184428288,0.874796828909685,0.825021579554727,-0.421465744665997,-0.0670214203777696,1.7595742586215,2.50182342840534,-0.0731974161662177,-0.201824316752801
"A508",0.0643681184428288,0.874796828909685,0.825021579554727,-0.421465744665997,1.2073848921534,-0.201514163275165,-0.233081763266037,-0.0731974161662177,-0.201824316752801
"A509",0.0643681184428288,0.874796828909685,0.825021579554727,-0.421465744665997,1.2073848921534,-0.201514163275165,-0.233081763266037,-0.0731974161662177,-0.201824316752801
"A510",0.0643681184428288,0.874796828909685,0.825021579554727,-0.421465744665997,0.380742959700751,1.63700623225296,1.99949390340447,4.6571856035756,-0.167734738577117
"A511",0.0643681184428288,0.874796828909685,0.825021579554727,-0.421465744665997,-0.118686541156061,1.08545011359452,0.771577286735693,-0.0731974161662177,-0.195069239049786
"A512",-1.63849623652862,-0.84582850646981,0.474308733915671,-1.56194738327703,1.53459732374924,-0.56921824238079,-0.735411288266902,-0.0731974161662177,-0.201824316752801
"A513",-1.63849623652862,-0.84582850646981,0.474308733915671,-1.56194738327703,1.53459732374924,-0.753070281933603,-0.735411288266902,-0.0731974161662177,-0.100655246037869
"A514",-1.63849623652862,-0.84582850646981,0.474308733915671,-1.56194738327703,0.518516615109526,1.63700623225296,0.994834853402744,-0.0731974161662177,0.651043516960503
"A515",-1.63849623652862,-0.84582850646981,0.474308733915671,-1.56194738327703,0.397964666626847,1.57572221906869,1.49716437840361,-0.0731974161662177,-0.0265064861349991
"A516",0.680297778751651,0.548471334268746,0.269121563306155,0.499692501904455,1.15571977137511,-0.140230150090894,-0.0098241965989858,-0.0731974161662177,-0.201824316752801
"A517",-2.01892337966054,-1.68428205011662,-1.77871896065523,-1.7374060969095,-1.22087578442626,-0.814354295117874,0.269247761734828,-0.0731974161662177,-0.201824316752801
